"#","Reference","Qty","Value","Footprint","DNP"
"1","C1","1","1u","Capacitor_SMD:C_0805_2012Metric",""
"2","C2, C3","2","470u","My_Footprints:BoardEdgeCap_D8.0mm",""
"3","C4","1","10u","Capacitor_SMD:C_0805_2012Metric",""
"4","C5, C8, C10","3","22u","Capacitor_SMD:C_0805_2012Metric",""
"5","C6, C7, C14","3",".1u","Capacitor_SMD:C_0805_2012Metric",""
"6","C11","1","10n","Capacitor_SMD:C_0805_2012Metric",""
"7","C12","1","47p","Capacitor_SMD:C_0805_2012Metric",""
"8","C13","1","2.2n","Capacitor_SMD:C_0805_2012Metric",""
"9","C15, C16, C17, C18","4","C","Capacitor_SMD:C_0805_2012Metric",""
"10","D1","1","LED_RABG","LED_SMD:LED_RGB_Wuerth-PLCC4_3.2x2.8mm_150141M173100",""
"11","D3","1","SS34","Diode_SMD:D_SMA",""
"12","D4, D5, D6","3","NSR0530HT1G","Diode_SMD:D_SOD-323",""
"13","D7, D8","2","LED","Diode_SMD:D_0805_2012Metric",""
"14","J1","1","PWM_IN_CONN","TestPoint:TestPoint_Pad_D1.0mm",""
"15","J2","1","VCC_BATT_CONN","TestPoint:TestPoint_Pad_D4.0mm",""
"16","J3","1","+5V_CONN","TestPoint:TestPoint_Pad_D1.0mm",""
"17","J4","1","GND_BATT_CONN","TestPoint:TestPoint_Pad_D4.0mm",""
"18","J5","1","GND_CONN","TestPoint:TestPoint_Pad_D1.0mm",""
"19","J6","1","A_CONN","TestPoint:TestPoint_Pad_D3.0mm",""
"20","J7","1","B_CONN","TestPoint:TestPoint_Pad_D3.0mm",""
"21","J8","1","C_CONN","TestPoint:TestPoint_Pad_D3.0mm",""
"22","L1","1","6.8u","My_Footprints:Amazon_Inductors",""
"23","L2","1","3.3u","My_Footprints:Amazon_Inductors",""
"24","Q1, Q2, Q6, Q10, Q11, Q12","6","MMBT2222L","Package_TO_SOT_SMD:SOT-23",""
"25","Q3, Q4, Q5, Q7, Q8, Q9","6","DMN6017SK3","My_Footprints:TO-252-2_Thermal",""
"26","R1, R34","2","820","Resistor_SMD:R_0805_2012Metric",""
"27","R2","1","20k","Resistor_SMD:R_0805_2012Metric",""
"28","R3","1","52.3k","Resistor_SMD:R_0805_2012Metric",""
"29","R4","1","69.8k","Resistor_SMD:R_0805_2012Metric",""
"30","R5, R12, R13, R20, R22, R23, R24, R25, R27, R28, R29, R31, R33","13","10k","Resistor_SMD:R_0805_2012Metric",""
"31","R6","1","51k","Resistor_SMD:R_0805_2012Metric",""
"32","R7","1","5.1k","Resistor_SMD:R_0805_2012Metric",""
"33","R8, R15, R26","3","1k","Resistor_SMD:R_0805_2012Metric",""
"34","R9","1",".5m","Resistor_SMD:R_1206_3216Metric",""
"35","R10","1","R","Resistor_SMD:R_0805_2012Metric",""
"36","R11, R19, R30","3","47k","Resistor_SMD:R_0805_2012Metric",""
"37","R14, R21, R32","3","100","Resistor_SMD:R_0805_2012Metric",""
"38","R16, R17, R18","3","30k","Resistor_SMD:R_0805_2012Metric",""
"39","R35","1","3.3k","Resistor_SMD:R_0805_2012Metric",""
"40","TP1","1","UART_TX_TP","TestPoint:TestPoint_Pad_D1.0mm",""
"41","TP2","1","UART_RX_TP","TestPoint:TestPoint_Pad_D1.0mm",""
"42","TP3","1","UPDI_TP","TestPoint:TestPoint_Pad_D1.0mm",""
"43","TP5","1","CLK_OUT","TestPoint:TestPoint_Pad_D1.0mm",""
"44","U1","1","AVR32DA32","Package_DFN_QFN:QFN-32-1EP_5x5mm_P0.5mm_EP3.1x3.1mm",""
"45","U2","1","TPS62933ODRLR","My_Footprints:SOT-583",""
"46","U3","1","PAM2421","Package_SO:SOIC-8_3.9x4.9mm_P1.27mm",""
"47","U4","1","INA181A4","Package_TO_SOT_SMD:TSOT-23-6",""
