<?xml version="1.0" encoding="UTF-8"?>
<export version="E">
  <design>
    <source>C:\Users\awjpp\OneDrive\Documents\My Projects\My Projects\BLDC ESC\Electrical\KiCad\BLDC_ESC_0002\BLDC_ESC.kicad_sch</source>
    <date>9/22/2023 8:27:06 PM</date>
    <tool>Eeschema 7.0.7</tool>
    <sheet number="1" name="/" tstamps="/">
      <title_block>
        <title>Brushless DC Motor ESC</title>
        <company/>
        <rev>-0002</rev>
        <date>2023-09-07</date>
        <source>BLDC_ESC.kicad_sch</source>
        <comment number="1" value=""/>
        <comment number="2" value=""/>
        <comment number="3" value=""/>
        <comment number="4" value=""/>
        <comment number="5" value=""/>
        <comment number="6" value=""/>
        <comment number="7" value=""/>
        <comment number="8" value=""/>
        <comment number="9" value=""/>
      </title_block>
    </sheet>
    <sheet number="2" name="/CPU Sheet/" tstamps="/00000000-0000-0000-0000-000064bae1b8/">
      <title_block>
        <title>Brushless DC Motor ESC</title>
        <company/>
        <rev>-0002</rev>
        <date/>
        <source>cpu_sheet.kicad_sch</source>
        <comment number="1" value=""/>
        <comment number="2" value=""/>
        <comment number="3" value=""/>
        <comment number="4" value=""/>
        <comment number="5" value=""/>
        <comment number="6" value=""/>
        <comment number="7" value=""/>
        <comment number="8" value=""/>
        <comment number="9" value=""/>
      </title_block>
    </sheet>
    <sheet number="3" name="/Power/" tstamps="/00000000-0000-0000-0000-000064c138aa/">
      <title_block>
        <title>Brushless DC Motor ESC</title>
        <company/>
        <rev>-0002</rev>
        <date/>
        <source>power.kicad_sch</source>
        <comment number="1" value=""/>
        <comment number="2" value=""/>
        <comment number="3" value=""/>
        <comment number="4" value=""/>
        <comment number="5" value=""/>
        <comment number="6" value=""/>
        <comment number="7" value=""/>
        <comment number="8" value=""/>
        <comment number="9" value=""/>
      </title_block>
    </sheet>
    <sheet number="4" name="/Motor Drivers/" tstamps="/00000000-0000-0000-0000-000064bae26d/">
      <title_block>
        <title>Brushless DC Motor ESC</title>
        <company/>
        <rev>-0002</rev>
        <date/>
        <source>motor_driver_sheet.kicad_sch</source>
        <comment number="1" value=""/>
        <comment number="2" value=""/>
        <comment number="3" value=""/>
        <comment number="4" value=""/>
        <comment number="5" value=""/>
        <comment number="6" value=""/>
        <comment number="7" value=""/>
        <comment number="8" value=""/>
        <comment number="9" value=""/>
      </title_block>
    </sheet>
  </design>
  <components>
    <comp ref="C1">
      <value>1u</value>
      <footprint>Capacitor_SMD:C_0805_2012Metric</footprint>
      <libsource lib="Device" part="C" description="Unpolarized capacitor"/>
      <property name="Part Number" value=""/>
      <property name="Digi-Key Part Number" value=""/>
      <property name="Sheetname" value="CPU Sheet"/>
      <property name="Sheetfile" value="cpu_sheet.kicad_sch"/>
      <property name="ki_description" value="Unpolarized capacitor"/>
      <property name="ki_keywords" value="cap capacitor"/>
      <sheetpath names="/CPU Sheet/" tstamps="/00000000-0000-0000-0000-000064bae1b8/"/>
      <tstamps>00000000-0000-0000-0000-000064dc9f73</tstamps>
    </comp>
    <comp ref="C6">
      <value>.1u</value>
      <footprint>Capacitor_SMD:C_0805_2012Metric</footprint>
      <libsource lib="Device" part="C" description="Unpolarized capacitor"/>
      <property name="Part Number" value=""/>
      <property name="Digi-Key Part Number" value=""/>
      <property name="Sheetname" value="CPU Sheet"/>
      <property name="Sheetfile" value="cpu_sheet.kicad_sch"/>
      <property name="ki_description" value="Unpolarized capacitor"/>
      <property name="ki_keywords" value="cap capacitor"/>
      <sheetpath names="/CPU Sheet/" tstamps="/00000000-0000-0000-0000-000064bae1b8/"/>
      <tstamps>991d04c7-44b7-4d10-bb39-6c5cb0bbda5c</tstamps>
    </comp>
    <comp ref="D1">
      <value>LED_RABG</value>
      <footprint>LED_SMD:LED_RGB_Wuerth-PLCC4_3.2x2.8mm_150141M173100</footprint>
      <fields>
        <field name="Digi-Key Part Number">1830-1116-1-ND</field>
        <field name="Part Number">IN-P32TATRGB</field>
      </fields>
      <libsource lib="Device" part="LED_RABG" description="RGB LED, red/anode/blue/green"/>
      <property name="Part Number" value="IN-P32TATRGB"/>
      <property name="Digi-Key Part Number" value="1830-1116-1-ND"/>
      <property name="Sheetname" value="CPU Sheet"/>
      <property name="Sheetfile" value="cpu_sheet.kicad_sch"/>
      <property name="ki_description" value="RGB LED, red/anode/blue/green"/>
      <property name="ki_keywords" value="LED RGB diode"/>
      <sheetpath names="/CPU Sheet/" tstamps="/00000000-0000-0000-0000-000064bae1b8/"/>
      <tstamps>328c2f91-3c40-431b-aa23-55c7f71063b0</tstamps>
    </comp>
    <comp ref="R1">
      <value>820</value>
      <footprint>Resistor_SMD:R_0805_2012Metric</footprint>
      <libsource lib="Device" part="R" description="Resistor"/>
      <property name="Part Number" value=""/>
      <property name="Digi-Key Part Number" value=""/>
      <property name="Sheetname" value="CPU Sheet"/>
      <property name="Sheetfile" value="cpu_sheet.kicad_sch"/>
      <property name="ki_description" value="Resistor"/>
      <property name="ki_keywords" value="R res resistor"/>
      <sheetpath names="/CPU Sheet/" tstamps="/00000000-0000-0000-0000-000064bae1b8/"/>
      <tstamps>a49ee807-e436-4bcd-8bda-eac8d2127004</tstamps>
    </comp>
    <comp ref="TP1">
      <value>UART_TX_TP</value>
      <footprint>TestPoint:TestPoint_Pad_D1.0mm</footprint>
      <libsource lib="Connector" part="TestPoint" description="test point"/>
      <property name="Part Number" value=""/>
      <property name="Digi-Key Part Number" value=""/>
      <property name="Sheetname" value="CPU Sheet"/>
      <property name="Sheetfile" value="cpu_sheet.kicad_sch"/>
      <property name="ki_description" value="test point"/>
      <property name="ki_keywords" value="test point tp"/>
      <sheetpath names="/CPU Sheet/" tstamps="/00000000-0000-0000-0000-000064bae1b8/"/>
      <tstamps>00000000-0000-0000-0000-000064d9e89a</tstamps>
    </comp>
    <comp ref="TP2">
      <value>UART_RX_TP</value>
      <footprint>TestPoint:TestPoint_Pad_D1.0mm</footprint>
      <libsource lib="Connector" part="TestPoint" description="test point"/>
      <property name="Part Number" value=""/>
      <property name="Digi-Key Part Number" value=""/>
      <property name="Sheetname" value="CPU Sheet"/>
      <property name="Sheetfile" value="cpu_sheet.kicad_sch"/>
      <property name="ki_description" value="test point"/>
      <property name="ki_keywords" value="test point tp"/>
      <sheetpath names="/CPU Sheet/" tstamps="/00000000-0000-0000-0000-000064bae1b8/"/>
      <tstamps>00000000-0000-0000-0000-000064d9ed3a</tstamps>
    </comp>
    <comp ref="TP3">
      <value>UPDI_TP</value>
      <footprint>TestPoint:TestPoint_Pad_D1.0mm</footprint>
      <libsource lib="Connector" part="TestPoint" description="test point"/>
      <property name="Part Number" value=""/>
      <property name="Digi-Key Part Number" value=""/>
      <property name="Sheetname" value="CPU Sheet"/>
      <property name="Sheetfile" value="cpu_sheet.kicad_sch"/>
      <property name="ki_description" value="test point"/>
      <property name="ki_keywords" value="test point tp"/>
      <sheetpath names="/CPU Sheet/" tstamps="/00000000-0000-0000-0000-000064bae1b8/"/>
      <tstamps>00000000-0000-0000-0000-000064d9d87b</tstamps>
    </comp>
    <comp ref="TP5">
      <value>CLK_OUT</value>
      <footprint>TestPoint:TestPoint_Pad_D1.0mm</footprint>
      <libsource lib="Connector" part="TestPoint" description="test point"/>
      <property name="Part Number" value=""/>
      <property name="Digi-Key Part Number" value=""/>
      <property name="Sheetname" value="CPU Sheet"/>
      <property name="Sheetfile" value="cpu_sheet.kicad_sch"/>
      <property name="ki_description" value="test point"/>
      <property name="ki_keywords" value="test point tp"/>
      <sheetpath names="/CPU Sheet/" tstamps="/00000000-0000-0000-0000-000064bae1b8/"/>
      <tstamps>bc3e377b-4a20-4e02-8830-36e8735298bb</tstamps>
    </comp>
    <comp ref="U1">
      <value>AVR32DA32</value>
      <footprint>Package_DFN_QFN:QFN-32-1EP_5x5mm_P0.5mm_EP3.1x3.1mm</footprint>
      <fields>
        <field name="Digi-Key Part Number">150-AVR32DA32T-I/RXBCT-ND</field>
        <field name="Part Number">AVR32DA32T-I/RXB</field>
      </fields>
      <libsource lib="BLDC_ESC-rescue" part="AVR32DA32-Stepper_Motor_Controller_Symbols" description=""/>
      <property name="Part Number" value="AVR32DA32T-I/RXB"/>
      <property name="Digi-Key Part Number" value="150-AVR32DA32T-I/RXBCT-ND"/>
      <property name="Sheetname" value="CPU Sheet"/>
      <property name="Sheetfile" value="cpu_sheet.kicad_sch"/>
      <sheetpath names="/CPU Sheet/" tstamps="/00000000-0000-0000-0000-000064bae1b8/"/>
      <tstamps>00000000-0000-0000-0000-000064cd9862</tstamps>
    </comp>
    <comp ref="C2">
      <value>470u</value>
      <footprint>My_Footprints:BoardEdgeCap_D8.0mm</footprint>
      <fields>
        <field name="Digi-Key Part Number">399-6611-ND</field>
        <field name="Part Number">ESK477M6R3AE3AA</field>
      </fields>
      <libsource lib="BLDC_ESC-rescue" part="CP-Device" description=""/>
      <property name="Part Number" value="ESK477M6R3AE3AA"/>
      <property name="Digi-Key Part Number" value="399-6611-ND"/>
      <property name="Sheetname" value="Power"/>
      <property name="Sheetfile" value="power.kicad_sch"/>
      <sheetpath names="/Power/" tstamps="/00000000-0000-0000-0000-000064c138aa/"/>
      <tstamps>00000000-0000-0000-0000-000064d6be5a</tstamps>
    </comp>
    <comp ref="C3">
      <value>470u</value>
      <footprint>My_Footprints:BoardEdgeCap_D8.0mm</footprint>
      <fields>
        <field name="Digi-Key Part Number">399-6611-ND</field>
        <field name="Part Number">ESK477M6R3AE3AA</field>
      </fields>
      <libsource lib="BLDC_ESC-rescue" part="CP-Device" description=""/>
      <property name="Part Number" value="ESK477M6R3AE3AA"/>
      <property name="Digi-Key Part Number" value="399-6611-ND"/>
      <property name="Sheetname" value="Power"/>
      <property name="Sheetfile" value="power.kicad_sch"/>
      <sheetpath names="/Power/" tstamps="/00000000-0000-0000-0000-000064c138aa/"/>
      <tstamps>00000000-0000-0000-0000-000064d70067</tstamps>
    </comp>
    <comp ref="C4">
      <value>10u</value>
      <footprint>Capacitor_SMD:C_0805_2012Metric</footprint>
      <libsource lib="Device" part="C" description="Unpolarized capacitor"/>
      <property name="Part Number" value=""/>
      <property name="Digi-Key Part Number" value=""/>
      <property name="Sheetname" value="Power"/>
      <property name="Sheetfile" value="power.kicad_sch"/>
      <property name="ki_description" value="Unpolarized capacitor"/>
      <property name="ki_keywords" value="cap capacitor"/>
      <sheetpath names="/Power/" tstamps="/00000000-0000-0000-0000-000064c138aa/"/>
      <tstamps>00000000-0000-0000-0000-000064d873c6</tstamps>
    </comp>
    <comp ref="C5">
      <value>22u</value>
      <footprint>Capacitor_SMD:C_0805_2012Metric</footprint>
      <libsource lib="Device" part="C" description="Unpolarized capacitor"/>
      <property name="Part Number" value=""/>
      <property name="Digi-Key Part Number" value=""/>
      <property name="Sheetname" value="Power"/>
      <property name="Sheetfile" value="power.kicad_sch"/>
      <property name="ki_description" value="Unpolarized capacitor"/>
      <property name="ki_keywords" value="cap capacitor"/>
      <sheetpath names="/Power/" tstamps="/00000000-0000-0000-0000-000064c138aa/"/>
      <tstamps>00000000-0000-0000-0000-0000652dd167</tstamps>
    </comp>
    <comp ref="C7">
      <value>.1u</value>
      <footprint>Capacitor_SMD:C_0805_2012Metric</footprint>
      <libsource lib="Device" part="C" description="Unpolarized capacitor"/>
      <property name="Part Number" value=""/>
      <property name="Digi-Key Part Number" value=""/>
      <property name="Sheetname" value="Power"/>
      <property name="Sheetfile" value="power.kicad_sch"/>
      <property name="ki_description" value="Unpolarized capacitor"/>
      <property name="ki_keywords" value="cap capacitor"/>
      <sheetpath names="/Power/" tstamps="/00000000-0000-0000-0000-000064c138aa/"/>
      <tstamps>00000000-0000-0000-0000-000064cdeac4</tstamps>
    </comp>
    <comp ref="C8">
      <value>22u</value>
      <footprint>Capacitor_SMD:C_0805_2012Metric</footprint>
      <libsource lib="Device" part="C" description="Unpolarized capacitor"/>
      <property name="Part Number" value=""/>
      <property name="Digi-Key Part Number" value=""/>
      <property name="Sheetname" value="Power"/>
      <property name="Sheetfile" value="power.kicad_sch"/>
      <property name="ki_description" value="Unpolarized capacitor"/>
      <property name="ki_keywords" value="cap capacitor"/>
      <sheetpath names="/Power/" tstamps="/00000000-0000-0000-0000-000064c138aa/"/>
      <tstamps>00000000-0000-0000-0000-000065308c8b</tstamps>
    </comp>
    <comp ref="C10">
      <value>22u</value>
      <footprint>Capacitor_SMD:C_0805_2012Metric</footprint>
      <libsource lib="Device" part="C" description="Unpolarized capacitor"/>
      <property name="Part Number" value=""/>
      <property name="Digi-Key Part Number" value=""/>
      <property name="Sheetname" value="Power"/>
      <property name="Sheetfile" value="power.kicad_sch"/>
      <property name="ki_description" value="Unpolarized capacitor"/>
      <property name="ki_keywords" value="cap capacitor"/>
      <sheetpath names="/Power/" tstamps="/00000000-0000-0000-0000-000064c138aa/"/>
      <tstamps>00000000-0000-0000-0000-000064d7e5cb</tstamps>
    </comp>
    <comp ref="C11">
      <value>10n</value>
      <footprint>Capacitor_SMD:C_0805_2012Metric</footprint>
      <libsource lib="Device" part="C" description="Unpolarized capacitor"/>
      <property name="Part Number" value=""/>
      <property name="Digi-Key Part Number" value=""/>
      <property name="Sheetname" value="Power"/>
      <property name="Sheetfile" value="power.kicad_sch"/>
      <property name="ki_description" value="Unpolarized capacitor"/>
      <property name="ki_keywords" value="cap capacitor"/>
      <sheetpath names="/Power/" tstamps="/00000000-0000-0000-0000-000064c138aa/"/>
      <tstamps>00000000-0000-0000-0000-0000652ce0e4</tstamps>
    </comp>
    <comp ref="C12">
      <value>47p</value>
      <footprint>Capacitor_SMD:C_0805_2012Metric</footprint>
      <fields>
        <field name="Digi-Key Part Number">399-C0805C470J5GAC7210CT-ND</field>
        <field name="Part Number">C0805C470J5GAC7210</field>
      </fields>
      <libsource lib="Device" part="C" description="Unpolarized capacitor"/>
      <property name="Part Number" value="C0805C470J5GAC7210"/>
      <property name="Digi-Key Part Number" value="399-C0805C470J5GAC7210CT-ND"/>
      <property name="Sheetname" value="Power"/>
      <property name="Sheetfile" value="power.kicad_sch"/>
      <property name="ki_description" value="Unpolarized capacitor"/>
      <property name="ki_keywords" value="cap capacitor"/>
      <sheetpath names="/Power/" tstamps="/00000000-0000-0000-0000-000064c138aa/"/>
      <tstamps>00000000-0000-0000-0000-0000652cdd4d</tstamps>
    </comp>
    <comp ref="C13">
      <value>2.2n</value>
      <footprint>Capacitor_SMD:C_0805_2012Metric</footprint>
      <fields>
        <field name="Digi-Key Part Number">399-C0805C222KMREC7800CT-ND</field>
        <field name="Part Number">C0805C222KMREC7800</field>
      </fields>
      <libsource lib="Device" part="C" description="Unpolarized capacitor"/>
      <property name="Part Number" value="C0805C222KMREC7800"/>
      <property name="Digi-Key Part Number" value="399-C0805C222KMREC7800CT-ND"/>
      <property name="Sheetname" value="Power"/>
      <property name="Sheetfile" value="power.kicad_sch"/>
      <property name="ki_description" value="Unpolarized capacitor"/>
      <property name="ki_keywords" value="cap capacitor"/>
      <sheetpath names="/Power/" tstamps="/00000000-0000-0000-0000-000064c138aa/"/>
      <tstamps>00000000-0000-0000-0000-0000652cd73f</tstamps>
    </comp>
    <comp ref="D3">
      <value>SS34</value>
      <footprint>Diode_SMD:D_SMA</footprint>
      <fields>
        <field name="Digi-Key Part Number">641-2115-1-ND</field>
        <field name="Part Number">SS34-HF</field>
      </fields>
      <libsource lib="Device" part="D_Schottky" description="Schottky diode"/>
      <property name="Part Number" value="SS34-HF"/>
      <property name="Digi-Key Part Number" value="641-2115-1-ND"/>
      <property name="Sheetname" value="Power"/>
      <property name="Sheetfile" value="power.kicad_sch"/>
      <property name="ki_description" value="Schottky diode"/>
      <property name="ki_keywords" value="diode Schottky"/>
      <sheetpath names="/Power/" tstamps="/00000000-0000-0000-0000-000064c138aa/"/>
      <tstamps>00000000-0000-0000-0000-0000652d4e52</tstamps>
    </comp>
    <comp ref="D7">
      <value>LED</value>
      <footprint>Diode_SMD:D_0805_2012Metric</footprint>
      <libsource lib="Device" part="LED" description="Light emitting diode"/>
      <property name="Part Number" value=""/>
      <property name="Digi-Key Part Number" value=""/>
      <property name="Sheetname" value="Power"/>
      <property name="Sheetfile" value="power.kicad_sch"/>
      <property name="ki_description" value="Light emitting diode"/>
      <property name="ki_keywords" value="LED diode"/>
      <sheetpath names="/Power/" tstamps="/00000000-0000-0000-0000-000064c138aa/"/>
      <tstamps>a385e312-7e81-469b-a2fb-cca836314cc9</tstamps>
    </comp>
    <comp ref="D8">
      <value>LED</value>
      <footprint>Diode_SMD:D_0805_2012Metric</footprint>
      <libsource lib="Device" part="LED" description="Light emitting diode"/>
      <property name="Part Number" value=""/>
      <property name="Digi-Key Part Number" value=""/>
      <property name="Sheetname" value="Power"/>
      <property name="Sheetfile" value="power.kicad_sch"/>
      <property name="ki_description" value="Light emitting diode"/>
      <property name="ki_keywords" value="LED diode"/>
      <sheetpath names="/Power/" tstamps="/00000000-0000-0000-0000-000064c138aa/"/>
      <tstamps>7fb65f47-e6af-4962-819d-74cdf83417d5</tstamps>
    </comp>
    <comp ref="J1">
      <value>PWM_IN_CONN</value>
      <footprint>TestPoint:TestPoint_Pad_D1.0mm</footprint>
      <libsource lib="Connector" part="TestPoint" description="test point"/>
      <property name="Part Number" value=""/>
      <property name="Digi-Key Part Number" value=""/>
      <property name="Sheetname" value="Power"/>
      <property name="Sheetfile" value="power.kicad_sch"/>
      <property name="ki_description" value="test point"/>
      <property name="ki_keywords" value="test point tp"/>
      <sheetpath names="/Power/" tstamps="/00000000-0000-0000-0000-000064c138aa/"/>
      <tstamps>00000000-0000-0000-0000-000064e9b63f</tstamps>
    </comp>
    <comp ref="J2">
      <value>VCC_BATT_CONN</value>
      <footprint>TestPoint:TestPoint_Pad_D4.0mm</footprint>
      <libsource lib="Connector" part="TestPoint" description="test point"/>
      <property name="Part Number" value=""/>
      <property name="Digi-Key Part Number" value=""/>
      <property name="Sheetname" value="Power"/>
      <property name="Sheetfile" value="power.kicad_sch"/>
      <property name="ki_description" value="test point"/>
      <property name="ki_keywords" value="test point tp"/>
      <sheetpath names="/Power/" tstamps="/00000000-0000-0000-0000-000064c138aa/"/>
      <tstamps>00000000-0000-0000-0000-000064da074b</tstamps>
    </comp>
    <comp ref="J3">
      <value>+5V_CONN</value>
      <footprint>TestPoint:TestPoint_Pad_D1.0mm</footprint>
      <libsource lib="Connector" part="TestPoint" description="test point"/>
      <property name="Part Number" value=""/>
      <property name="Digi-Key Part Number" value=""/>
      <property name="Sheetname" value="Power"/>
      <property name="Sheetfile" value="power.kicad_sch"/>
      <property name="ki_description" value="test point"/>
      <property name="ki_keywords" value="test point tp"/>
      <sheetpath names="/Power/" tstamps="/00000000-0000-0000-0000-000064c138aa/"/>
      <tstamps>00000000-0000-0000-0000-000064e9bbcc</tstamps>
    </comp>
    <comp ref="J4">
      <value>GND_BATT_CONN</value>
      <footprint>TestPoint:TestPoint_Pad_D4.0mm</footprint>
      <libsource lib="Connector" part="TestPoint" description="test point"/>
      <property name="Part Number" value=""/>
      <property name="Digi-Key Part Number" value=""/>
      <property name="Sheetname" value="Power"/>
      <property name="Sheetfile" value="power.kicad_sch"/>
      <property name="ki_description" value="test point"/>
      <property name="ki_keywords" value="test point tp"/>
      <sheetpath names="/Power/" tstamps="/00000000-0000-0000-0000-000064c138aa/"/>
      <tstamps>00000000-0000-0000-0000-000064da0d45</tstamps>
    </comp>
    <comp ref="J5">
      <value>GND_CONN</value>
      <footprint>TestPoint:TestPoint_Pad_D1.0mm</footprint>
      <libsource lib="Connector" part="TestPoint" description="test point"/>
      <property name="Part Number" value=""/>
      <property name="Digi-Key Part Number" value=""/>
      <property name="Sheetname" value="Power"/>
      <property name="Sheetfile" value="power.kicad_sch"/>
      <property name="ki_description" value="test point"/>
      <property name="ki_keywords" value="test point tp"/>
      <sheetpath names="/Power/" tstamps="/00000000-0000-0000-0000-000064c138aa/"/>
      <tstamps>00000000-0000-0000-0000-000064e9bd5f</tstamps>
    </comp>
    <comp ref="L1">
      <value>6.8u</value>
      <footprint>My_Footprints:Amazon_Inductors</footprint>
      <libsource lib="Device" part="L" description="Inductor"/>
      <property name="Part Number" value=""/>
      <property name="Digi-Key Part Number" value=""/>
      <property name="Sheetname" value="Power"/>
      <property name="Sheetfile" value="power.kicad_sch"/>
      <property name="ki_description" value="Inductor"/>
      <property name="ki_keywords" value="inductor choke coil reactor magnetic"/>
      <sheetpath names="/Power/" tstamps="/00000000-0000-0000-0000-000064c138aa/"/>
      <tstamps>00000000-0000-0000-0000-0000652d5a82</tstamps>
    </comp>
    <comp ref="L2">
      <value>3.3u</value>
      <footprint>My_Footprints:Amazon_Inductors</footprint>
      <libsource lib="Device" part="L" description="Inductor"/>
      <property name="Part Number" value=""/>
      <property name="Digi-Key Part Number" value=""/>
      <property name="Sheetname" value="Power"/>
      <property name="Sheetfile" value="power.kicad_sch"/>
      <property name="ki_description" value="Inductor"/>
      <property name="ki_keywords" value="inductor choke coil reactor magnetic"/>
      <sheetpath names="/Power/" tstamps="/00000000-0000-0000-0000-000064c138aa/"/>
      <tstamps>00000000-0000-0000-0000-000064cdf2c8</tstamps>
    </comp>
    <comp ref="R2">
      <value>20k</value>
      <footprint>Resistor_SMD:R_0805_2012Metric</footprint>
      <libsource lib="Device" part="R" description="Resistor"/>
      <property name="Part Number" value=""/>
      <property name="Digi-Key Part Number" value=""/>
      <property name="Sheetname" value="Power"/>
      <property name="Sheetfile" value="power.kicad_sch"/>
      <property name="ki_description" value="Resistor"/>
      <property name="ki_keywords" value="R res resistor"/>
      <sheetpath names="/Power/" tstamps="/00000000-0000-0000-0000-000064c138aa/"/>
      <tstamps>9d18eb4d-9bf4-4a25-8ac3-e633e9140806</tstamps>
    </comp>
    <comp ref="R3">
      <value>52.3k</value>
      <footprint>Resistor_SMD:R_0805_2012Metric</footprint>
      <libsource lib="Device" part="R" description="Resistor"/>
      <property name="Part Number" value=""/>
      <property name="Digi-Key Part Number" value=""/>
      <property name="Sheetname" value="Power"/>
      <property name="Sheetfile" value="power.kicad_sch"/>
      <property name="ki_description" value="Resistor"/>
      <property name="ki_keywords" value="R res resistor"/>
      <sheetpath names="/Power/" tstamps="/00000000-0000-0000-0000-000064c138aa/"/>
      <tstamps>00000000-0000-0000-0000-000064ce1e6a</tstamps>
    </comp>
    <comp ref="R4">
      <value>69.8k</value>
      <footprint>Resistor_SMD:R_0805_2012Metric</footprint>
      <fields>
        <field name="Digi-Key Part Number">311-69.8KCRCT-ND</field>
        <field name="Part Number">RC0805FR-0769K8L</field>
      </fields>
      <libsource lib="Device" part="R" description="Resistor"/>
      <property name="Part Number" value="RC0805FR-0769K8L"/>
      <property name="Digi-Key Part Number" value="311-69.8KCRCT-ND"/>
      <property name="Sheetname" value="Power"/>
      <property name="Sheetfile" value="power.kicad_sch"/>
      <property name="ki_description" value="Resistor"/>
      <property name="ki_keywords" value="R res resistor"/>
      <sheetpath names="/Power/" tstamps="/00000000-0000-0000-0000-000064c138aa/"/>
      <tstamps>00000000-0000-0000-0000-0000652d7f71</tstamps>
    </comp>
    <comp ref="R5">
      <value>10k</value>
      <footprint>Resistor_SMD:R_0805_2012Metric</footprint>
      <libsource lib="Device" part="R" description="Resistor"/>
      <property name="Part Number" value=""/>
      <property name="Digi-Key Part Number" value=""/>
      <property name="Sheetname" value="Power"/>
      <property name="Sheetfile" value="power.kicad_sch"/>
      <property name="ki_description" value="Resistor"/>
      <property name="ki_keywords" value="R res resistor"/>
      <sheetpath names="/Power/" tstamps="/00000000-0000-0000-0000-000064c138aa/"/>
      <tstamps>00000000-0000-0000-0000-000064ce2457</tstamps>
    </comp>
    <comp ref="R6">
      <value>51k</value>
      <footprint>Resistor_SMD:R_0805_2012Metric</footprint>
      <libsource lib="Device" part="R" description="Resistor"/>
      <property name="Part Number" value=""/>
      <property name="Digi-Key Part Number" value=""/>
      <property name="Sheetname" value="Power"/>
      <property name="Sheetfile" value="power.kicad_sch"/>
      <property name="ki_description" value="Resistor"/>
      <property name="ki_keywords" value="R res resistor"/>
      <sheetpath names="/Power/" tstamps="/00000000-0000-0000-0000-000064c138aa/"/>
      <tstamps>00000000-0000-0000-0000-0000652ccdc5</tstamps>
    </comp>
    <comp ref="R7">
      <value>5.1k</value>
      <footprint>Resistor_SMD:R_0805_2012Metric</footprint>
      <fields>
        <field name="Digi-Key Part Number">YAG3744CT-ND</field>
        <field name="Part Number">AC0805FR-075K1L</field>
      </fields>
      <libsource lib="Device" part="R" description="Resistor"/>
      <property name="Part Number" value="AC0805FR-075K1L"/>
      <property name="Digi-Key Part Number" value="YAG3744CT-ND"/>
      <property name="Sheetname" value="Power"/>
      <property name="Sheetfile" value="power.kicad_sch"/>
      <property name="ki_description" value="Resistor"/>
      <property name="ki_keywords" value="R res resistor"/>
      <sheetpath names="/Power/" tstamps="/00000000-0000-0000-0000-000064c138aa/"/>
      <tstamps>00000000-0000-0000-0000-0000652d839c</tstamps>
    </comp>
    <comp ref="R34">
      <value>820</value>
      <footprint>Resistor_SMD:R_0805_2012Metric</footprint>
      <libsource lib="Device" part="R" description="Resistor"/>
      <property name="Part Number" value=""/>
      <property name="Digi-Key Part Number" value=""/>
      <property name="Sheetname" value="Power"/>
      <property name="Sheetfile" value="power.kicad_sch"/>
      <property name="ki_description" value="Resistor"/>
      <property name="ki_keywords" value="R res resistor"/>
      <sheetpath names="/Power/" tstamps="/00000000-0000-0000-0000-000064c138aa/"/>
      <tstamps>a295ffc9-4271-4a9b-a486-cf8d1bf532ce</tstamps>
    </comp>
    <comp ref="R35">
      <value>3.3k</value>
      <footprint>Resistor_SMD:R_0805_2012Metric</footprint>
      <libsource lib="Device" part="R" description="Resistor"/>
      <property name="Part Number" value=""/>
      <property name="Digi-Key Part Number" value=""/>
      <property name="Sheetname" value="Power"/>
      <property name="Sheetfile" value="power.kicad_sch"/>
      <property name="ki_description" value="Resistor"/>
      <property name="ki_keywords" value="R res resistor"/>
      <sheetpath names="/Power/" tstamps="/00000000-0000-0000-0000-000064c138aa/"/>
      <tstamps>8898136c-849b-4cda-a84c-77c90ec49dc8</tstamps>
    </comp>
    <comp ref="U2">
      <value>TPS62933ODRLR</value>
      <footprint>My_Footprints:SOT-583</footprint>
      <fields>
        <field name="Digi-Key Part Number">296-TPS62933ODRLRCT-ND</field>
        <field name="Part Number">TPS62933ODRLR</field>
      </fields>
      <libsource lib="BLDC_ESC-rescue" part="TPS62933ODRLR-My_Library" description=""/>
      <property name="Part Number" value="TPS62933ODRLR"/>
      <property name="Digi-Key Part Number" value="296-TPS62933ODRLRCT-ND"/>
      <property name="Sheetname" value="Power"/>
      <property name="Sheetfile" value="power.kicad_sch"/>
      <sheetpath names="/Power/" tstamps="/00000000-0000-0000-0000-000064c138aa/"/>
      <tstamps>00000000-0000-0000-0000-000064d7d8fe</tstamps>
    </comp>
    <comp ref="U3">
      <value>PAM2421</value>
      <footprint>Package_SO:SOIC-8_3.9x4.9mm_P1.27mm</footprint>
      <datasheet>C:\Users\AJ992\Documents\My Projects\BLDC ESC\Datasheets</datasheet>
      <fields>
        <field name="Digi-Key Part Number">PAM2421AECADJRDICT-ND</field>
        <field name="Part Number">PAM2421AECADJR</field>
      </fields>
      <libsource lib="BLDC_ESC-rescue" part="PAM242x-My_Library" description=""/>
      <property name="Part Number" value="PAM2421AECADJR"/>
      <property name="Digi-Key Part Number" value="PAM2421AECADJRDICT-ND"/>
      <property name="Sheetname" value="Power"/>
      <property name="Sheetfile" value="power.kicad_sch"/>
      <sheetpath names="/Power/" tstamps="/00000000-0000-0000-0000-000064c138aa/"/>
      <tstamps>00000000-0000-0000-0000-0000652b3e5c</tstamps>
    </comp>
    <comp ref="C14">
      <value>.1u</value>
      <footprint>Capacitor_SMD:C_0805_2012Metric</footprint>
      <libsource lib="Device" part="C" description="Unpolarized capacitor"/>
      <property name="Part Number" value=""/>
      <property name="Digi-Key Part Number" value=""/>
      <property name="Sheetname" value="Motor Drivers"/>
      <property name="Sheetfile" value="motor_driver_sheet.kicad_sch"/>
      <property name="ki_description" value="Unpolarized capacitor"/>
      <property name="ki_keywords" value="cap capacitor"/>
      <sheetpath names="/Motor Drivers/" tstamps="/00000000-0000-0000-0000-000064bae26d/"/>
      <tstamps>00000000-0000-0000-0000-00006504e9f7</tstamps>
    </comp>
    <comp ref="C15">
      <value>C</value>
      <footprint>Capacitor_SMD:C_0805_2012Metric</footprint>
      <libsource lib="Device" part="C" description="Unpolarized capacitor"/>
      <property name="Part Number" value=""/>
      <property name="Digi-Key Part Number" value=""/>
      <property name="Sheetname" value="Motor Drivers"/>
      <property name="Sheetfile" value="motor_driver_sheet.kicad_sch"/>
      <property name="ki_description" value="Unpolarized capacitor"/>
      <property name="ki_keywords" value="cap capacitor"/>
      <sheetpath names="/Motor Drivers/" tstamps="/00000000-0000-0000-0000-000064bae26d/"/>
      <tstamps>00000000-0000-0000-0000-000065060a8c</tstamps>
    </comp>
    <comp ref="C16">
      <value>C</value>
      <footprint>Capacitor_SMD:C_0805_2012Metric</footprint>
      <libsource lib="Device" part="C" description="Unpolarized capacitor"/>
      <property name="Part Number" value=""/>
      <property name="Digi-Key Part Number" value=""/>
      <property name="Sheetname" value="Motor Drivers"/>
      <property name="Sheetfile" value="motor_driver_sheet.kicad_sch"/>
      <property name="ki_description" value="Unpolarized capacitor"/>
      <property name="ki_keywords" value="cap capacitor"/>
      <sheetpath names="/Motor Drivers/" tstamps="/00000000-0000-0000-0000-000064bae26d/"/>
      <tstamps>00000000-0000-0000-0000-00006516a5eb</tstamps>
    </comp>
    <comp ref="C17">
      <value>C</value>
      <footprint>Capacitor_SMD:C_0805_2012Metric</footprint>
      <libsource lib="Device" part="C" description="Unpolarized capacitor"/>
      <property name="Part Number" value=""/>
      <property name="Digi-Key Part Number" value=""/>
      <property name="Sheetname" value="Motor Drivers"/>
      <property name="Sheetfile" value="motor_driver_sheet.kicad_sch"/>
      <property name="ki_description" value="Unpolarized capacitor"/>
      <property name="ki_keywords" value="cap capacitor"/>
      <sheetpath names="/Motor Drivers/" tstamps="/00000000-0000-0000-0000-000064bae26d/"/>
      <tstamps>00000000-0000-0000-0000-00006516ab88</tstamps>
    </comp>
    <comp ref="C18">
      <value>C</value>
      <footprint>Capacitor_SMD:C_0805_2012Metric</footprint>
      <libsource lib="Device" part="C" description="Unpolarized capacitor"/>
      <property name="Part Number" value=""/>
      <property name="Digi-Key Part Number" value=""/>
      <property name="Sheetname" value="Motor Drivers"/>
      <property name="Sheetfile" value="motor_driver_sheet.kicad_sch"/>
      <property name="ki_description" value="Unpolarized capacitor"/>
      <property name="ki_keywords" value="cap capacitor"/>
      <sheetpath names="/Motor Drivers/" tstamps="/00000000-0000-0000-0000-000064bae26d/"/>
      <tstamps>00000000-0000-0000-0000-00006519778e</tstamps>
    </comp>
    <comp ref="D4">
      <value>NSR0530HT1G</value>
      <footprint>Diode_SMD:D_SOD-323</footprint>
      <fields>
        <field name="Digi-Key Part Number">NSR0530HT1GOSCT-ND</field>
        <field name="Part Number">NSR0530HT1G</field>
      </fields>
      <libsource lib="Device" part="D" description="Diode"/>
      <property name="Part Number" value="NSR0530HT1G"/>
      <property name="Digi-Key Part Number" value="NSR0530HT1GOSCT-ND"/>
      <property name="Sheetname" value="Motor Drivers"/>
      <property name="Sheetfile" value="motor_driver_sheet.kicad_sch"/>
      <property name="ki_description" value="Diode"/>
      <property name="ki_keywords" value="diode"/>
      <sheetpath names="/Motor Drivers/" tstamps="/00000000-0000-0000-0000-000064bae26d/"/>
      <tstamps>00000000-0000-0000-0000-00006500f174</tstamps>
    </comp>
    <comp ref="D5">
      <value>NSR0530HT1G</value>
      <footprint>Diode_SMD:D_SOD-323</footprint>
      <fields>
        <field name="Digi-Key Part Number">NSR0530HT1GOSCT-ND</field>
        <field name="Part Number">NSR0530HT1G</field>
      </fields>
      <libsource lib="Device" part="D" description="Diode"/>
      <property name="Part Number" value="NSR0530HT1G"/>
      <property name="Digi-Key Part Number" value="NSR0530HT1GOSCT-ND"/>
      <property name="Sheetname" value="Motor Drivers"/>
      <property name="Sheetfile" value="motor_driver_sheet.kicad_sch"/>
      <property name="ki_description" value="Diode"/>
      <property name="ki_keywords" value="diode"/>
      <sheetpath names="/Motor Drivers/" tstamps="/00000000-0000-0000-0000-000064bae26d/"/>
      <tstamps>00000000-0000-0000-0000-0000650433f8</tstamps>
    </comp>
    <comp ref="D6">
      <value>NSR0530HT1G</value>
      <footprint>Diode_SMD:D_SOD-323</footprint>
      <fields>
        <field name="Digi-Key Part Number">NSR0530HT1GOSCT-ND</field>
        <field name="Part Number">NSR0530HT1G</field>
      </fields>
      <libsource lib="Device" part="D" description="Diode"/>
      <property name="Part Number" value="NSR0530HT1G"/>
      <property name="Digi-Key Part Number" value="NSR0530HT1GOSCT-ND"/>
      <property name="Sheetname" value="Motor Drivers"/>
      <property name="Sheetfile" value="motor_driver_sheet.kicad_sch"/>
      <property name="ki_description" value="Diode"/>
      <property name="ki_keywords" value="diode"/>
      <sheetpath names="/Motor Drivers/" tstamps="/00000000-0000-0000-0000-000064bae26d/"/>
      <tstamps>00000000-0000-0000-0000-00006504a070</tstamps>
    </comp>
    <comp ref="J6">
      <value>A_CONN</value>
      <footprint>TestPoint:TestPoint_Pad_D3.0mm</footprint>
      <libsource lib="Connector" part="TestPoint" description="test point"/>
      <property name="Part Number" value=""/>
      <property name="Digi-Key Part Number" value=""/>
      <property name="Sheetname" value="Motor Drivers"/>
      <property name="Sheetfile" value="motor_driver_sheet.kicad_sch"/>
      <property name="ki_description" value="test point"/>
      <property name="ki_keywords" value="test point tp"/>
      <sheetpath names="/Motor Drivers/" tstamps="/00000000-0000-0000-0000-000064bae26d/"/>
      <tstamps>00000000-0000-0000-0000-000064da2cba</tstamps>
    </comp>
    <comp ref="J7">
      <value>B_CONN</value>
      <footprint>TestPoint:TestPoint_Pad_D3.0mm</footprint>
      <libsource lib="Connector" part="TestPoint" description="test point"/>
      <property name="Part Number" value=""/>
      <property name="Digi-Key Part Number" value=""/>
      <property name="Sheetname" value="Motor Drivers"/>
      <property name="Sheetfile" value="motor_driver_sheet.kicad_sch"/>
      <property name="ki_description" value="test point"/>
      <property name="ki_keywords" value="test point tp"/>
      <sheetpath names="/Motor Drivers/" tstamps="/00000000-0000-0000-0000-000064bae26d/"/>
      <tstamps>00000000-0000-0000-0000-000064da3430</tstamps>
    </comp>
    <comp ref="J8">
      <value>C_CONN</value>
      <footprint>TestPoint:TestPoint_Pad_D3.0mm</footprint>
      <libsource lib="Connector" part="TestPoint" description="test point"/>
      <property name="Part Number" value=""/>
      <property name="Digi-Key Part Number" value=""/>
      <property name="Sheetname" value="Motor Drivers"/>
      <property name="Sheetfile" value="motor_driver_sheet.kicad_sch"/>
      <property name="ki_description" value="test point"/>
      <property name="ki_keywords" value="test point tp"/>
      <sheetpath names="/Motor Drivers/" tstamps="/00000000-0000-0000-0000-000064bae26d/"/>
      <tstamps>00000000-0000-0000-0000-000064da38fb</tstamps>
    </comp>
    <comp ref="Q1">
      <value>MMBT2222L</value>
      <footprint>Package_TO_SOT_SMD:SOT-23</footprint>
      <fields>
        <field name="Digi-Key Part Number">MMBT2222LT1GOSCT-ND</field>
        <field name="Part Number">MMBT2222LT1G</field>
      </fields>
      <libsource lib="Device" part="Q_NPN_BEC" description="NPN transistor, base/emitter/collector"/>
      <property name="Part Number" value="MMBT2222LT1G"/>
      <property name="Digi-Key Part Number" value="MMBT2222LT1GOSCT-ND"/>
      <property name="Sheetname" value="Motor Drivers"/>
      <property name="Sheetfile" value="motor_driver_sheet.kicad_sch"/>
      <property name="ki_description" value="NPN transistor, base/emitter/collector"/>
      <property name="ki_keywords" value="transistor NPN"/>
      <sheetpath names="/Motor Drivers/" tstamps="/00000000-0000-0000-0000-000064bae26d/"/>
      <tstamps>00000000-0000-0000-0000-00006500e2d7</tstamps>
    </comp>
    <comp ref="Q2">
      <value>MMBT2222L</value>
      <footprint>Package_TO_SOT_SMD:SOT-23</footprint>
      <fields>
        <field name="Digi-Key Part Number">MMBT2222LT1GOSCT-ND</field>
        <field name="Part Number">MMBT2222LT1G</field>
      </fields>
      <libsource lib="Device" part="Q_NPN_BEC" description="NPN transistor, base/emitter/collector"/>
      <property name="Part Number" value="MMBT2222LT1G"/>
      <property name="Digi-Key Part Number" value="MMBT2222LT1GOSCT-ND"/>
      <property name="Sheetname" value="Motor Drivers"/>
      <property name="Sheetfile" value="motor_driver_sheet.kicad_sch"/>
      <property name="ki_description" value="NPN transistor, base/emitter/collector"/>
      <property name="ki_keywords" value="transistor NPN"/>
      <sheetpath names="/Motor Drivers/" tstamps="/00000000-0000-0000-0000-000064bae26d/"/>
      <tstamps>00000000-0000-0000-0000-00006500e8bb</tstamps>
    </comp>
    <comp ref="Q3">
      <value>DMN6017SK3</value>
      <footprint>My_Footprints:TO-252-2_Thermal</footprint>
      <fields>
        <field name="Digi-Key Part Number">31-DMN6017SK3-13CT-ND</field>
        <field name="Part Number">DMN6017SK3-13</field>
      </fields>
      <libsource lib="Device" part="Q_NMOS_GDS" description="N-MOSFET transistor, gate/drain/source"/>
      <property name="Part Number" value="DMN6017SK3-13"/>
      <property name="Digi-Key Part Number" value="31-DMN6017SK3-13CT-ND"/>
      <property name="Sheetname" value="Motor Drivers"/>
      <property name="Sheetfile" value="motor_driver_sheet.kicad_sch"/>
      <property name="ki_description" value="N-MOSFET transistor, gate/drain/source"/>
      <property name="ki_keywords" value="transistor NMOS N-MOS N-MOSFET"/>
      <sheetpath names="/Motor Drivers/" tstamps="/00000000-0000-0000-0000-000064bae26d/"/>
      <tstamps>00000000-0000-0000-0000-000064d31906</tstamps>
    </comp>
    <comp ref="Q4">
      <value>DMN6017SK3</value>
      <footprint>My_Footprints:TO-252-2_Thermal</footprint>
      <fields>
        <field name="Digi-Key Part Number">31-DMN6017SK3-13CT-ND</field>
        <field name="Part Number">DMN6017SK3-13</field>
      </fields>
      <libsource lib="Device" part="Q_NMOS_GDS" description="N-MOSFET transistor, gate/drain/source"/>
      <property name="Part Number" value="DMN6017SK3-13"/>
      <property name="Digi-Key Part Number" value="31-DMN6017SK3-13CT-ND"/>
      <property name="Sheetname" value="Motor Drivers"/>
      <property name="Sheetfile" value="motor_driver_sheet.kicad_sch"/>
      <property name="ki_description" value="N-MOSFET transistor, gate/drain/source"/>
      <property name="ki_keywords" value="transistor NMOS N-MOS N-MOSFET"/>
      <sheetpath names="/Motor Drivers/" tstamps="/00000000-0000-0000-0000-000064bae26d/"/>
      <tstamps>00000000-0000-0000-0000-000064d32047</tstamps>
    </comp>
    <comp ref="Q5">
      <value>DMN6017SK3</value>
      <footprint>My_Footprints:TO-252-2_Thermal</footprint>
      <fields>
        <field name="Digi-Key Part Number">31-DMN6017SK3-13CT-ND</field>
        <field name="Part Number">DMN6017SK3-13</field>
      </fields>
      <libsource lib="Device" part="Q_NMOS_GDS" description="N-MOSFET transistor, gate/drain/source"/>
      <property name="Part Number" value="DMN6017SK3-13"/>
      <property name="Digi-Key Part Number" value="31-DMN6017SK3-13CT-ND"/>
      <property name="Sheetname" value="Motor Drivers"/>
      <property name="Sheetfile" value="motor_driver_sheet.kicad_sch"/>
      <property name="ki_description" value="N-MOSFET transistor, gate/drain/source"/>
      <property name="ki_keywords" value="transistor NMOS N-MOS N-MOSFET"/>
      <sheetpath names="/Motor Drivers/" tstamps="/00000000-0000-0000-0000-000064bae26d/"/>
      <tstamps>00000000-0000-0000-0000-000064d325fb</tstamps>
    </comp>
    <comp ref="Q6">
      <value>MMBT2222L</value>
      <footprint>Package_TO_SOT_SMD:SOT-23</footprint>
      <fields>
        <field name="Digi-Key Part Number">MMBT2222LT1GOSCT-ND</field>
        <field name="Part Number">MMBT2222LT1G</field>
      </fields>
      <libsource lib="Device" part="Q_NPN_BEC" description="NPN transistor, base/emitter/collector"/>
      <property name="Part Number" value="MMBT2222LT1G"/>
      <property name="Digi-Key Part Number" value="MMBT2222LT1GOSCT-ND"/>
      <property name="Sheetname" value="Motor Drivers"/>
      <property name="Sheetfile" value="motor_driver_sheet.kicad_sch"/>
      <property name="ki_description" value="NPN transistor, base/emitter/collector"/>
      <property name="ki_keywords" value="transistor NPN"/>
      <sheetpath names="/Motor Drivers/" tstamps="/00000000-0000-0000-0000-000064bae26d/"/>
      <tstamps>00000000-0000-0000-0000-0000650433ec</tstamps>
    </comp>
    <comp ref="Q7">
      <value>DMN6017SK3</value>
      <footprint>My_Footprints:TO-252-2_Thermal</footprint>
      <fields>
        <field name="Digi-Key Part Number">31-DMN6017SK3-13CT-ND</field>
        <field name="Part Number">DMN6017SK3-13</field>
      </fields>
      <libsource lib="Device" part="Q_NMOS_GDS" description="N-MOSFET transistor, gate/drain/source"/>
      <property name="Part Number" value="DMN6017SK3-13"/>
      <property name="Digi-Key Part Number" value="31-DMN6017SK3-13CT-ND"/>
      <property name="Sheetname" value="Motor Drivers"/>
      <property name="Sheetfile" value="motor_driver_sheet.kicad_sch"/>
      <property name="ki_description" value="N-MOSFET transistor, gate/drain/source"/>
      <property name="ki_keywords" value="transistor NMOS N-MOS N-MOSFET"/>
      <sheetpath names="/Motor Drivers/" tstamps="/00000000-0000-0000-0000-000064bae26d/"/>
      <tstamps>00000000-0000-0000-0000-000064d30264</tstamps>
    </comp>
    <comp ref="Q8">
      <value>DMN6017SK3</value>
      <footprint>My_Footprints:TO-252-2_Thermal</footprint>
      <fields>
        <field name="Digi-Key Part Number">31-DMN6017SK3-13CT-ND</field>
        <field name="Part Number">DMN6017SK3-13</field>
      </fields>
      <libsource lib="Device" part="Q_NMOS_GDS" description="N-MOSFET transistor, gate/drain/source"/>
      <property name="Part Number" value="DMN6017SK3-13"/>
      <property name="Digi-Key Part Number" value="31-DMN6017SK3-13CT-ND"/>
      <property name="Sheetname" value="Motor Drivers"/>
      <property name="Sheetfile" value="motor_driver_sheet.kicad_sch"/>
      <property name="ki_description" value="N-MOSFET transistor, gate/drain/source"/>
      <property name="ki_keywords" value="transistor NMOS N-MOS N-MOSFET"/>
      <sheetpath names="/Motor Drivers/" tstamps="/00000000-0000-0000-0000-000064bae26d/"/>
      <tstamps>00000000-0000-0000-0000-000064d32df7</tstamps>
    </comp>
    <comp ref="Q9">
      <value>DMN6017SK3</value>
      <footprint>My_Footprints:TO-252-2_Thermal</footprint>
      <fields>
        <field name="Digi-Key Part Number">31-DMN6017SK3-13CT-ND</field>
        <field name="Part Number">DMN6017SK3-13</field>
      </fields>
      <libsource lib="Device" part="Q_NMOS_GDS" description="N-MOSFET transistor, gate/drain/source"/>
      <property name="Part Number" value="DMN6017SK3-13"/>
      <property name="Digi-Key Part Number" value="31-DMN6017SK3-13CT-ND"/>
      <property name="Sheetname" value="Motor Drivers"/>
      <property name="Sheetfile" value="motor_driver_sheet.kicad_sch"/>
      <property name="ki_description" value="N-MOSFET transistor, gate/drain/source"/>
      <property name="ki_keywords" value="transistor NMOS N-MOS N-MOSFET"/>
      <sheetpath names="/Motor Drivers/" tstamps="/00000000-0000-0000-0000-000064bae26d/"/>
      <tstamps>00000000-0000-0000-0000-000064d3369b</tstamps>
    </comp>
    <comp ref="Q10">
      <value>MMBT2222L</value>
      <footprint>Package_TO_SOT_SMD:SOT-23</footprint>
      <fields>
        <field name="Digi-Key Part Number">MMBT2222LT1GOSCT-ND</field>
        <field name="Part Number">MMBT2222LT1G</field>
      </fields>
      <libsource lib="Device" part="Q_NPN_BEC" description="NPN transistor, base/emitter/collector"/>
      <property name="Part Number" value="MMBT2222LT1G"/>
      <property name="Digi-Key Part Number" value="MMBT2222LT1GOSCT-ND"/>
      <property name="Sheetname" value="Motor Drivers"/>
      <property name="Sheetfile" value="motor_driver_sheet.kicad_sch"/>
      <property name="ki_description" value="NPN transistor, base/emitter/collector"/>
      <property name="ki_keywords" value="transistor NPN"/>
      <sheetpath names="/Motor Drivers/" tstamps="/00000000-0000-0000-0000-000064bae26d/"/>
      <tstamps>00000000-0000-0000-0000-0000650433f2</tstamps>
    </comp>
    <comp ref="Q11">
      <value>MMBT2222L</value>
      <footprint>Package_TO_SOT_SMD:SOT-23</footprint>
      <fields>
        <field name="Digi-Key Part Number">MMBT2222LT1GOSCT-ND</field>
        <field name="Part Number">MMBT2222LT1G</field>
      </fields>
      <libsource lib="Device" part="Q_NPN_BEC" description="NPN transistor, base/emitter/collector"/>
      <property name="Part Number" value="MMBT2222LT1G"/>
      <property name="Digi-Key Part Number" value="MMBT2222LT1GOSCT-ND"/>
      <property name="Sheetname" value="Motor Drivers"/>
      <property name="Sheetfile" value="motor_driver_sheet.kicad_sch"/>
      <property name="ki_description" value="NPN transistor, base/emitter/collector"/>
      <property name="ki_keywords" value="transistor NPN"/>
      <sheetpath names="/Motor Drivers/" tstamps="/00000000-0000-0000-0000-000064bae26d/"/>
      <tstamps>00000000-0000-0000-0000-00006504a064</tstamps>
    </comp>
    <comp ref="Q12">
      <value>MMBT2222L</value>
      <footprint>Package_TO_SOT_SMD:SOT-23</footprint>
      <fields>
        <field name="Digi-Key Part Number">MMBT2222LT1GOSCT-ND</field>
        <field name="Part Number">MMBT2222LT1G</field>
      </fields>
      <libsource lib="Device" part="Q_NPN_BEC" description="NPN transistor, base/emitter/collector"/>
      <property name="Part Number" value="MMBT2222LT1G"/>
      <property name="Digi-Key Part Number" value="MMBT2222LT1GOSCT-ND"/>
      <property name="Sheetname" value="Motor Drivers"/>
      <property name="Sheetfile" value="motor_driver_sheet.kicad_sch"/>
      <property name="ki_description" value="NPN transistor, base/emitter/collector"/>
      <property name="ki_keywords" value="transistor NPN"/>
      <sheetpath names="/Motor Drivers/" tstamps="/00000000-0000-0000-0000-000064bae26d/"/>
      <tstamps>00000000-0000-0000-0000-00006504a06a</tstamps>
    </comp>
    <comp ref="R8">
      <value>1k</value>
      <footprint>Resistor_SMD:R_0805_2012Metric</footprint>
      <libsource lib="Device" part="R" description="Resistor"/>
      <property name="Part Number" value=""/>
      <property name="Digi-Key Part Number" value=""/>
      <property name="Sheetname" value="Motor Drivers"/>
      <property name="Sheetfile" value="motor_driver_sheet.kicad_sch"/>
      <property name="ki_description" value="Resistor"/>
      <property name="ki_keywords" value="R res resistor"/>
      <sheetpath names="/Motor Drivers/" tstamps="/00000000-0000-0000-0000-000064bae26d/"/>
      <tstamps>00000000-0000-0000-0000-0000650108af</tstamps>
    </comp>
    <comp ref="R9">
      <value>.5m</value>
      <footprint>Resistor_SMD:R_1206_3216Metric</footprint>
      <fields>
        <field name="Digi-Key Part Number">HCS1206FTL500CT-ND</field>
        <field name="Part Number">HCS1206FTL500</field>
      </fields>
      <libsource lib="Device" part="R" description="Resistor"/>
      <property name="Part Number" value="HCS1206FTL500"/>
      <property name="Digi-Key Part Number" value="HCS1206FTL500CT-ND"/>
      <property name="Sheetname" value="Motor Drivers"/>
      <property name="Sheetfile" value="motor_driver_sheet.kicad_sch"/>
      <property name="ki_description" value="Resistor"/>
      <property name="ki_keywords" value="R res resistor"/>
      <sheetpath names="/Motor Drivers/" tstamps="/00000000-0000-0000-0000-000064bae26d/"/>
      <tstamps>00000000-0000-0000-0000-00006500cb76</tstamps>
    </comp>
    <comp ref="R10">
      <value>R</value>
      <footprint>Resistor_SMD:R_0805_2012Metric</footprint>
      <libsource lib="Device" part="R" description="Resistor"/>
      <property name="Part Number" value=""/>
      <property name="Digi-Key Part Number" value=""/>
      <property name="Sheetname" value="Motor Drivers"/>
      <property name="Sheetfile" value="motor_driver_sheet.kicad_sch"/>
      <property name="ki_description" value="Resistor"/>
      <property name="ki_keywords" value="R res resistor"/>
      <sheetpath names="/Motor Drivers/" tstamps="/00000000-0000-0000-0000-000064bae26d/"/>
      <tstamps>00000000-0000-0000-0000-000065060f5d</tstamps>
    </comp>
    <comp ref="R11">
      <value>47k</value>
      <footprint>Resistor_SMD:R_0805_2012Metric</footprint>
      <fields>
        <field name="Digi-Key Part Number">YAG3735CT-ND</field>
        <field name="Part Number">AC0805FR-0747KL</field>
      </fields>
      <libsource lib="Device" part="R" description="Resistor"/>
      <property name="Part Number" value="AC0805FR-0747KL"/>
      <property name="Digi-Key Part Number" value="YAG3735CT-ND"/>
      <property name="Sheetname" value="Motor Drivers"/>
      <property name="Sheetfile" value="motor_driver_sheet.kicad_sch"/>
      <property name="ki_description" value="Resistor"/>
      <property name="ki_keywords" value="R res resistor"/>
      <sheetpath names="/Motor Drivers/" tstamps="/00000000-0000-0000-0000-000064bae26d/"/>
      <tstamps>00000000-0000-0000-0000-000065019b93</tstamps>
    </comp>
    <comp ref="R12">
      <value>10k</value>
      <footprint>Resistor_SMD:R_0805_2012Metric</footprint>
      <libsource lib="Device" part="R" description="Resistor"/>
      <property name="Part Number" value=""/>
      <property name="Digi-Key Part Number" value=""/>
      <property name="Sheetname" value="Motor Drivers"/>
      <property name="Sheetfile" value="motor_driver_sheet.kicad_sch"/>
      <property name="ki_description" value="Resistor"/>
      <property name="ki_keywords" value="R res resistor"/>
      <sheetpath names="/Motor Drivers/" tstamps="/00000000-0000-0000-0000-000064bae26d/"/>
      <tstamps>00000000-0000-0000-0000-00006507f4f3</tstamps>
    </comp>
    <comp ref="R13">
      <value>10k</value>
      <footprint>Resistor_SMD:R_0805_2012Metric</footprint>
      <libsource lib="Device" part="R" description="Resistor"/>
      <property name="Part Number" value=""/>
      <property name="Digi-Key Part Number" value=""/>
      <property name="Sheetname" value="Motor Drivers"/>
      <property name="Sheetfile" value="motor_driver_sheet.kicad_sch"/>
      <property name="ki_description" value="Resistor"/>
      <property name="ki_keywords" value="R res resistor"/>
      <sheetpath names="/Motor Drivers/" tstamps="/00000000-0000-0000-0000-000064bae26d/"/>
      <tstamps>00000000-0000-0000-0000-00006507fee2</tstamps>
    </comp>
    <comp ref="R14">
      <value>100</value>
      <footprint>Resistor_SMD:R_0805_2012Metric</footprint>
      <libsource lib="Device" part="R" description="Resistor"/>
      <property name="Part Number" value=""/>
      <property name="Digi-Key Part Number" value=""/>
      <property name="Sheetname" value="Motor Drivers"/>
      <property name="Sheetfile" value="motor_driver_sheet.kicad_sch"/>
      <property name="ki_description" value="Resistor"/>
      <property name="ki_keywords" value="R res resistor"/>
      <sheetpath names="/Motor Drivers/" tstamps="/00000000-0000-0000-0000-000064bae26d/"/>
      <tstamps>00000000-0000-0000-0000-00006501ceb1</tstamps>
    </comp>
    <comp ref="R15">
      <value>1k</value>
      <footprint>Resistor_SMD:R_0805_2012Metric</footprint>
      <libsource lib="Device" part="R" description="Resistor"/>
      <property name="Part Number" value=""/>
      <property name="Digi-Key Part Number" value=""/>
      <property name="Sheetname" value="Motor Drivers"/>
      <property name="Sheetfile" value="motor_driver_sheet.kicad_sch"/>
      <property name="ki_description" value="Resistor"/>
      <property name="ki_keywords" value="R res resistor"/>
      <sheetpath names="/Motor Drivers/" tstamps="/00000000-0000-0000-0000-000064bae26d/"/>
      <tstamps>00000000-0000-0000-0000-0000650433fe</tstamps>
    </comp>
    <comp ref="R16">
      <value>30k</value>
      <footprint>Resistor_SMD:R_0805_2012Metric</footprint>
      <fields>
        <field name="Digi-Key Part Number">YAG3721CT-ND</field>
        <field name="Part Number">AC0805FR-0730KL</field>
      </fields>
      <libsource lib="Device" part="R" description="Resistor"/>
      <property name="Part Number" value="AC0805FR-0730KL"/>
      <property name="Digi-Key Part Number" value="YAG3721CT-ND"/>
      <property name="Sheetname" value="Motor Drivers"/>
      <property name="Sheetfile" value="motor_driver_sheet.kicad_sch"/>
      <property name="ki_description" value="Resistor"/>
      <property name="ki_keywords" value="R res resistor"/>
      <sheetpath names="/Motor Drivers/" tstamps="/00000000-0000-0000-0000-000064bae26d/"/>
      <tstamps>00000000-0000-0000-0000-000064bd86dc</tstamps>
    </comp>
    <comp ref="R17">
      <value>30k</value>
      <footprint>Resistor_SMD:R_0805_2012Metric</footprint>
      <fields>
        <field name="Digi-Key Part Number">YAG3721CT-ND</field>
        <field name="Part Number">AC0805FR-0730KL</field>
      </fields>
      <libsource lib="Device" part="R" description="Resistor"/>
      <property name="Part Number" value="AC0805FR-0730KL"/>
      <property name="Digi-Key Part Number" value="YAG3721CT-ND"/>
      <property name="Sheetname" value="Motor Drivers"/>
      <property name="Sheetfile" value="motor_driver_sheet.kicad_sch"/>
      <property name="ki_description" value="Resistor"/>
      <property name="ki_keywords" value="R res resistor"/>
      <sheetpath names="/Motor Drivers/" tstamps="/00000000-0000-0000-0000-000064bae26d/"/>
      <tstamps>00000000-0000-0000-0000-000064bdb2e8</tstamps>
    </comp>
    <comp ref="R18">
      <value>30k</value>
      <footprint>Resistor_SMD:R_0805_2012Metric</footprint>
      <fields>
        <field name="Digi-Key Part Number">YAG3721CT-ND</field>
        <field name="Part Number">AC0805FR-0730KL</field>
      </fields>
      <libsource lib="Device" part="R" description="Resistor"/>
      <property name="Part Number" value="AC0805FR-0730KL"/>
      <property name="Digi-Key Part Number" value="YAG3721CT-ND"/>
      <property name="Sheetname" value="Motor Drivers"/>
      <property name="Sheetfile" value="motor_driver_sheet.kicad_sch"/>
      <property name="ki_description" value="Resistor"/>
      <property name="ki_keywords" value="R res resistor"/>
      <sheetpath names="/Motor Drivers/" tstamps="/00000000-0000-0000-0000-000064bae26d/"/>
      <tstamps>00000000-0000-0000-0000-000064bdb546</tstamps>
    </comp>
    <comp ref="R19">
      <value>47k</value>
      <footprint>Resistor_SMD:R_0805_2012Metric</footprint>
      <fields>
        <field name="Digi-Key Part Number">YAG3735CT-ND</field>
        <field name="Part Number">AC0805FR-0747KL</field>
      </fields>
      <libsource lib="Device" part="R" description="Resistor"/>
      <property name="Part Number" value="AC0805FR-0747KL"/>
      <property name="Digi-Key Part Number" value="YAG3735CT-ND"/>
      <property name="Sheetname" value="Motor Drivers"/>
      <property name="Sheetfile" value="motor_driver_sheet.kicad_sch"/>
      <property name="ki_description" value="Resistor"/>
      <property name="ki_keywords" value="R res resistor"/>
      <sheetpath names="/Motor Drivers/" tstamps="/00000000-0000-0000-0000-000064bae26d/"/>
      <tstamps>00000000-0000-0000-0000-000065043414</tstamps>
    </comp>
    <comp ref="R20">
      <value>10k</value>
      <footprint>Resistor_SMD:R_0805_2012Metric</footprint>
      <libsource lib="Device" part="R" description="Resistor"/>
      <property name="Part Number" value=""/>
      <property name="Digi-Key Part Number" value=""/>
      <property name="Sheetname" value="Motor Drivers"/>
      <property name="Sheetfile" value="motor_driver_sheet.kicad_sch"/>
      <property name="ki_description" value="Resistor"/>
      <property name="ki_keywords" value="R res resistor"/>
      <sheetpath names="/Motor Drivers/" tstamps="/00000000-0000-0000-0000-000064bae26d/"/>
      <tstamps>00000000-0000-0000-0000-0000650ad350</tstamps>
    </comp>
    <comp ref="R21">
      <value>100</value>
      <footprint>Resistor_SMD:R_0805_2012Metric</footprint>
      <libsource lib="Device" part="R" description="Resistor"/>
      <property name="Part Number" value=""/>
      <property name="Digi-Key Part Number" value=""/>
      <property name="Sheetname" value="Motor Drivers"/>
      <property name="Sheetfile" value="motor_driver_sheet.kicad_sch"/>
      <property name="ki_description" value="Resistor"/>
      <property name="ki_keywords" value="R res resistor"/>
      <sheetpath names="/Motor Drivers/" tstamps="/00000000-0000-0000-0000-000064bae26d/"/>
      <tstamps>00000000-0000-0000-0000-00006504341d</tstamps>
    </comp>
    <comp ref="R22">
      <value>10k</value>
      <footprint>Resistor_SMD:R_0805_2012Metric</footprint>
      <libsource lib="Device" part="R" description="Resistor"/>
      <property name="Part Number" value=""/>
      <property name="Digi-Key Part Number" value=""/>
      <property name="Sheetname" value="Motor Drivers"/>
      <property name="Sheetfile" value="motor_driver_sheet.kicad_sch"/>
      <property name="ki_description" value="Resistor"/>
      <property name="ki_keywords" value="R res resistor"/>
      <sheetpath names="/Motor Drivers/" tstamps="/00000000-0000-0000-0000-000064bae26d/"/>
      <tstamps>00000000-0000-0000-0000-0000650ad356</tstamps>
    </comp>
    <comp ref="R23">
      <value>10k</value>
      <footprint>Resistor_SMD:R_0805_2012Metric</footprint>
      <libsource lib="Device" part="R" description="Resistor"/>
      <property name="Part Number" value=""/>
      <property name="Digi-Key Part Number" value=""/>
      <property name="Sheetname" value="Motor Drivers"/>
      <property name="Sheetfile" value="motor_driver_sheet.kicad_sch"/>
      <property name="ki_description" value="Resistor"/>
      <property name="ki_keywords" value="R res resistor"/>
      <sheetpath names="/Motor Drivers/" tstamps="/00000000-0000-0000-0000-000064bae26d/"/>
      <tstamps>00000000-0000-0000-0000-000064fe915b</tstamps>
    </comp>
    <comp ref="R24">
      <value>10k</value>
      <footprint>Resistor_SMD:R_0805_2012Metric</footprint>
      <libsource lib="Device" part="R" description="Resistor"/>
      <property name="Part Number" value=""/>
      <property name="Digi-Key Part Number" value=""/>
      <property name="Sheetname" value="Motor Drivers"/>
      <property name="Sheetfile" value="motor_driver_sheet.kicad_sch"/>
      <property name="ki_description" value="Resistor"/>
      <property name="ki_keywords" value="R res resistor"/>
      <sheetpath names="/Motor Drivers/" tstamps="/00000000-0000-0000-0000-000064bae26d/"/>
      <tstamps>00000000-0000-0000-0000-000064fe93b3</tstamps>
    </comp>
    <comp ref="R25">
      <value>10k</value>
      <footprint>Resistor_SMD:R_0805_2012Metric</footprint>
      <libsource lib="Device" part="R" description="Resistor"/>
      <property name="Part Number" value=""/>
      <property name="Digi-Key Part Number" value=""/>
      <property name="Sheetname" value="Motor Drivers"/>
      <property name="Sheetfile" value="motor_driver_sheet.kicad_sch"/>
      <property name="ki_description" value="Resistor"/>
      <property name="ki_keywords" value="R res resistor"/>
      <sheetpath names="/Motor Drivers/" tstamps="/00000000-0000-0000-0000-000064bae26d/"/>
      <tstamps>00000000-0000-0000-0000-000064fe998e</tstamps>
    </comp>
    <comp ref="R26">
      <value>1k</value>
      <footprint>Resistor_SMD:R_0805_2012Metric</footprint>
      <libsource lib="Device" part="R" description="Resistor"/>
      <property name="Part Number" value=""/>
      <property name="Digi-Key Part Number" value=""/>
      <property name="Sheetname" value="Motor Drivers"/>
      <property name="Sheetfile" value="motor_driver_sheet.kicad_sch"/>
      <property name="ki_description" value="Resistor"/>
      <property name="ki_keywords" value="R res resistor"/>
      <sheetpath names="/Motor Drivers/" tstamps="/00000000-0000-0000-0000-000064bae26d/"/>
      <tstamps>00000000-0000-0000-0000-00006504a076</tstamps>
    </comp>
    <comp ref="R27">
      <value>10k</value>
      <footprint>Resistor_SMD:R_0805_2012Metric</footprint>
      <libsource lib="Device" part="R" description="Resistor"/>
      <property name="Part Number" value=""/>
      <property name="Digi-Key Part Number" value=""/>
      <property name="Sheetname" value="Motor Drivers"/>
      <property name="Sheetfile" value="motor_driver_sheet.kicad_sch"/>
      <property name="ki_description" value="Resistor"/>
      <property name="ki_keywords" value="R res resistor"/>
      <sheetpath names="/Motor Drivers/" tstamps="/00000000-0000-0000-0000-000064bae26d/"/>
      <tstamps>00000000-0000-0000-0000-000064c6d5c3</tstamps>
    </comp>
    <comp ref="R28">
      <value>10k</value>
      <footprint>Resistor_SMD:R_0805_2012Metric</footprint>
      <libsource lib="Device" part="R" description="Resistor"/>
      <property name="Part Number" value=""/>
      <property name="Digi-Key Part Number" value=""/>
      <property name="Sheetname" value="Motor Drivers"/>
      <property name="Sheetfile" value="motor_driver_sheet.kicad_sch"/>
      <property name="ki_description" value="Resistor"/>
      <property name="ki_keywords" value="R res resistor"/>
      <sheetpath names="/Motor Drivers/" tstamps="/00000000-0000-0000-0000-000064bae26d/"/>
      <tstamps>00000000-0000-0000-0000-000064c6d873</tstamps>
    </comp>
    <comp ref="R29">
      <value>10k</value>
      <footprint>Resistor_SMD:R_0805_2012Metric</footprint>
      <libsource lib="Device" part="R" description="Resistor"/>
      <property name="Part Number" value=""/>
      <property name="Digi-Key Part Number" value=""/>
      <property name="Sheetname" value="Motor Drivers"/>
      <property name="Sheetfile" value="motor_driver_sheet.kicad_sch"/>
      <property name="ki_description" value="Resistor"/>
      <property name="ki_keywords" value="R res resistor"/>
      <sheetpath names="/Motor Drivers/" tstamps="/00000000-0000-0000-0000-000064bae26d/"/>
      <tstamps>00000000-0000-0000-0000-000064c6dc65</tstamps>
    </comp>
    <comp ref="R30">
      <value>47k</value>
      <footprint>Resistor_SMD:R_0805_2012Metric</footprint>
      <fields>
        <field name="Digi-Key Part Number">YAG3735CT-ND</field>
        <field name="Part Number">AC0805FR-0747KL</field>
      </fields>
      <libsource lib="Device" part="R" description="Resistor"/>
      <property name="Part Number" value="AC0805FR-0747KL"/>
      <property name="Digi-Key Part Number" value="YAG3735CT-ND"/>
      <property name="Sheetname" value="Motor Drivers"/>
      <property name="Sheetfile" value="motor_driver_sheet.kicad_sch"/>
      <property name="ki_description" value="Resistor"/>
      <property name="ki_keywords" value="R res resistor"/>
      <sheetpath names="/Motor Drivers/" tstamps="/00000000-0000-0000-0000-000064bae26d/"/>
      <tstamps>00000000-0000-0000-0000-00006504a08c</tstamps>
    </comp>
    <comp ref="R31">
      <value>10k</value>
      <footprint>Resistor_SMD:R_0805_2012Metric</footprint>
      <libsource lib="Device" part="R" description="Resistor"/>
      <property name="Part Number" value=""/>
      <property name="Digi-Key Part Number" value=""/>
      <property name="Sheetname" value="Motor Drivers"/>
      <property name="Sheetfile" value="motor_driver_sheet.kicad_sch"/>
      <property name="ki_description" value="Resistor"/>
      <property name="ki_keywords" value="R res resistor"/>
      <sheetpath names="/Motor Drivers/" tstamps="/00000000-0000-0000-0000-000064bae26d/"/>
      <tstamps>00000000-0000-0000-0000-0000650b954a</tstamps>
    </comp>
    <comp ref="R32">
      <value>100</value>
      <footprint>Resistor_SMD:R_0805_2012Metric</footprint>
      <libsource lib="Device" part="R" description="Resistor"/>
      <property name="Part Number" value=""/>
      <property name="Digi-Key Part Number" value=""/>
      <property name="Sheetname" value="Motor Drivers"/>
      <property name="Sheetfile" value="motor_driver_sheet.kicad_sch"/>
      <property name="ki_description" value="Resistor"/>
      <property name="ki_keywords" value="R res resistor"/>
      <sheetpath names="/Motor Drivers/" tstamps="/00000000-0000-0000-0000-000064bae26d/"/>
      <tstamps>00000000-0000-0000-0000-00006504a094</tstamps>
    </comp>
    <comp ref="R33">
      <value>10k</value>
      <footprint>Resistor_SMD:R_0805_2012Metric</footprint>
      <libsource lib="Device" part="R" description="Resistor"/>
      <property name="Part Number" value=""/>
      <property name="Digi-Key Part Number" value=""/>
      <property name="Sheetname" value="Motor Drivers"/>
      <property name="Sheetfile" value="motor_driver_sheet.kicad_sch"/>
      <property name="ki_description" value="Resistor"/>
      <property name="ki_keywords" value="R res resistor"/>
      <sheetpath names="/Motor Drivers/" tstamps="/00000000-0000-0000-0000-000064bae26d/"/>
      <tstamps>00000000-0000-0000-0000-0000650b8e77</tstamps>
    </comp>
    <comp ref="U4">
      <value>INA181A4</value>
      <footprint>Package_TO_SOT_SMD:TSOT-23-6</footprint>
      <datasheet>C:\Users\AJ992\Documents\My Projects\BLDC ESC\Datasheets\ina181, Current Sense</datasheet>
      <fields>
        <field name="Digi-Key Part Number">296-47659-1-ND</field>
        <field name="Part Number">INA181A4IDBVR</field>
      </fields>
      <libsource lib="BLDC_ESC-rescue" part="INA181-My_Library" description=""/>
      <property name="Part Number" value="INA181A4IDBVR"/>
      <property name="Digi-Key Part Number" value="296-47659-1-ND"/>
      <property name="Sheetname" value="Motor Drivers"/>
      <property name="Sheetfile" value="motor_driver_sheet.kicad_sch"/>
      <sheetpath names="/Motor Drivers/" tstamps="/00000000-0000-0000-0000-000064bae26d/"/>
      <tstamps>00000000-0000-0000-0000-0000650379ca</tstamps>
    </comp>
  </components>
  <libparts>
    <libpart lib="BLDC_ESC-rescue" part="AVR32DA32-Stepper_Motor_Controller_Symbols">
      <fields>
        <field name="Reference">U</field>
        <field name="Value">Stepper_Motor_Controller_Symbols_AVR32DA32</field>
        <field name="Footprint">Package_DFN_QFN:QFN-32-1EP_5x5mm_P0.5mm_EP3.1x3.1mm</field>
      </fields>
      <pins>
        <pin num="1" name="PA3" type="bidirectional"/>
        <pin num="2" name="PA4" type="bidirectional"/>
        <pin num="3" name="PA5" type="bidirectional"/>
        <pin num="4" name="PA6" type="bidirectional"/>
        <pin num="5" name="PA7" type="bidirectional"/>
        <pin num="6" name="PC0" type="bidirectional"/>
        <pin num="7" name="PC1" type="bidirectional"/>
        <pin num="8" name="PC2" type="bidirectional"/>
        <pin num="9" name="PC3" type="bidirectional"/>
        <pin num="10" name="PD0" type="bidirectional"/>
        <pin num="11" name="PD1" type="bidirectional"/>
        <pin num="12" name="PD2" type="bidirectional"/>
        <pin num="13" name="PD3" type="bidirectional"/>
        <pin num="14" name="PD4" type="bidirectional"/>
        <pin num="15" name="PD5" type="bidirectional"/>
        <pin num="16" name="PD6" type="bidirectional"/>
        <pin num="17" name="PD7" type="bidirectional"/>
        <pin num="18" name="AVDD" type="power_in"/>
        <pin num="19" name="GND" type="power_in"/>
        <pin num="20" name="PF0" type="bidirectional"/>
        <pin num="21" name="PF1" type="bidirectional"/>
        <pin num="22" name="PF2" type="bidirectional"/>
        <pin num="23" name="PF3" type="bidirectional"/>
        <pin num="24" name="PF4" type="bidirectional"/>
        <pin num="25" name="PF5" type="bidirectional"/>
        <pin num="26" name="PF6*" type="input"/>
        <pin num="27" name="UPDI" type="bidirectional"/>
        <pin num="28" name="VDD" type="power_in"/>
        <pin num="29" name="GND" type="power_in"/>
        <pin num="30" name="PA0" type="bidirectional"/>
        <pin num="31" name="PA1" type="bidirectional"/>
        <pin num="32" name="PA2" type="bidirectional"/>
        <pin num="33" name="GND" type="power_in"/>
      </pins>
    </libpart>
    <libpart lib="BLDC_ESC-rescue" part="CP-Device">
      <footprints>
        <fp>CP_*</fp>
      </footprints>
      <fields>
        <field name="Reference">C</field>
        <field name="Value">Device_CP</field>
      </fields>
      <pins>
        <pin num="1" name="" type="passive"/>
        <pin num="2" name="" type="passive"/>
      </pins>
    </libpart>
    <libpart lib="BLDC_ESC-rescue" part="INA181-My_Library">
      <fields>
        <field name="Reference">U</field>
        <field name="Value">My_Library_INA181</field>
        <field name="Footprint">Package_TO_SOT_SMD:TSOT-23-6</field>
      </fields>
      <pins>
        <pin num="1" name="OUT" type="output"/>
        <pin num="2" name="GND" type="power_in"/>
        <pin num="3" name="IN+" type="input"/>
        <pin num="4" name="IN-" type="input"/>
        <pin num="5" name="REF" type="input"/>
        <pin num="6" name="VIN" type="power_in"/>
      </pins>
    </libpart>
    <libpart lib="BLDC_ESC-rescue" part="PAM242x-My_Library">
      <fields>
        <field name="Reference">U</field>
        <field name="Value">My_Library_PAM242x</field>
        <field name="Footprint">Package_SO:SOIC-8_3.9x4.9mm_P1.27mm</field>
      </fields>
      <pins>
        <pin num="1" name="PGND" type="power_in"/>
        <pin num="2" name="VIN" type="power_in"/>
        <pin num="3" name="EN" type="input"/>
        <pin num="4" name="COMP" type="passive"/>
        <pin num="5" name="SW" type="open_emitter"/>
        <pin num="6" name="SS" type="passive"/>
        <pin num="7" name="FB" type="input"/>
        <pin num="8" name="AGND" type="power_in"/>
      </pins>
    </libpart>
    <libpart lib="BLDC_ESC-rescue" part="TPS62933ODRLR-My_Library">
      <fields>
        <field name="Reference">U</field>
        <field name="Value">My_Library_TPS62933ODRLR</field>
        <field name="Footprint">Personal_Footprint_Library:SOT-583</field>
      </fields>
      <pins>
        <pin num="1" name="RT" type="input"/>
        <pin num="2" name="EN" type="input"/>
        <pin num="3" name="VIN" type="power_in"/>
        <pin num="4" name="GND" type="power_in"/>
        <pin num="5" name="SW" type="power_out"/>
        <pin num="6" name="BST" type="passive"/>
        <pin num="7" name="PG" type="input"/>
        <pin num="8" name="FB" type="input"/>
      </pins>
    </libpart>
    <libpart lib="Connector" part="TestPoint">
      <description>test point</description>
      <docs>~</docs>
      <footprints>
        <fp>Pin*</fp>
        <fp>Test*</fp>
      </footprints>
      <fields>
        <field name="Reference">TP</field>
        <field name="Value">TestPoint</field>
        <field name="Datasheet">~</field>
      </fields>
      <pins>
        <pin num="1" name="1" type="passive"/>
      </pins>
    </libpart>
    <libpart lib="Device" part="C">
      <description>Unpolarized capacitor</description>
      <docs>~</docs>
      <footprints>
        <fp>C_*</fp>
      </footprints>
      <fields>
        <field name="Reference">C</field>
        <field name="Value">C</field>
        <field name="Datasheet">~</field>
      </fields>
      <pins>
        <pin num="1" name="" type="passive"/>
        <pin num="2" name="" type="passive"/>
      </pins>
    </libpart>
    <libpart lib="Device" part="D">
      <description>Diode</description>
      <docs>~</docs>
      <footprints>
        <fp>TO-???*</fp>
        <fp>*_Diode_*</fp>
        <fp>*SingleDiode*</fp>
        <fp>D_*</fp>
      </footprints>
      <fields>
        <field name="Reference">D</field>
        <field name="Value">D</field>
        <field name="Datasheet">~</field>
        <field name="Sim.Device">D</field>
        <field name="Sim.Pins">1=K 2=A</field>
      </fields>
      <pins>
        <pin num="1" name="K" type="passive"/>
        <pin num="2" name="A" type="passive"/>
      </pins>
    </libpart>
    <libpart lib="Device" part="D_Schottky">
      <description>Schottky diode</description>
      <docs>~</docs>
      <footprints>
        <fp>TO-???*</fp>
        <fp>*_Diode_*</fp>
        <fp>*SingleDiode*</fp>
        <fp>D_*</fp>
      </footprints>
      <fields>
        <field name="Reference">D</field>
        <field name="Value">D_Schottky</field>
        <field name="Datasheet">~</field>
      </fields>
      <pins>
        <pin num="1" name="K" type="passive"/>
        <pin num="2" name="A" type="passive"/>
      </pins>
    </libpart>
    <libpart lib="Device" part="L">
      <description>Inductor</description>
      <docs>~</docs>
      <footprints>
        <fp>Choke_*</fp>
        <fp>*Coil*</fp>
        <fp>Inductor_*</fp>
        <fp>L_*</fp>
      </footprints>
      <fields>
        <field name="Reference">L</field>
        <field name="Value">L</field>
        <field name="Datasheet">~</field>
      </fields>
      <pins>
        <pin num="1" name="1" type="passive"/>
        <pin num="2" name="2" type="passive"/>
      </pins>
    </libpart>
    <libpart lib="Device" part="LED">
      <description>Light emitting diode</description>
      <docs>~</docs>
      <footprints>
        <fp>LED*</fp>
        <fp>LED_SMD:*</fp>
        <fp>LED_THT:*</fp>
      </footprints>
      <fields>
        <field name="Reference">D</field>
        <field name="Value">LED</field>
        <field name="Datasheet">~</field>
      </fields>
      <pins>
        <pin num="1" name="K" type="passive"/>
        <pin num="2" name="A" type="passive"/>
      </pins>
    </libpart>
    <libpart lib="Device" part="LED_RABG">
      <description>RGB LED, red/anode/blue/green</description>
      <docs>~</docs>
      <footprints>
        <fp>LED*</fp>
        <fp>LED_SMD:*</fp>
        <fp>LED_THT:*</fp>
      </footprints>
      <fields>
        <field name="Reference">D</field>
        <field name="Value">LED_RABG</field>
        <field name="Datasheet">~</field>
      </fields>
      <pins>
        <pin num="1" name="RK" type="passive"/>
        <pin num="2" name="A" type="passive"/>
        <pin num="3" name="BK" type="passive"/>
        <pin num="4" name="GK" type="passive"/>
      </pins>
    </libpart>
    <libpart lib="Device" part="Q_NMOS_GDS">
      <description>N-MOSFET transistor, gate/drain/source</description>
      <docs>~</docs>
      <fields>
        <field name="Reference">Q</field>
        <field name="Value">Q_NMOS_GDS</field>
        <field name="Datasheet">~</field>
      </fields>
      <pins>
        <pin num="1" name="G" type="input"/>
        <pin num="2" name="D" type="passive"/>
        <pin num="3" name="S" type="passive"/>
      </pins>
    </libpart>
    <libpart lib="Device" part="Q_NPN_BEC">
      <description>NPN transistor, base/emitter/collector</description>
      <docs>~</docs>
      <fields>
        <field name="Reference">Q</field>
        <field name="Value">Q_NPN_BEC</field>
        <field name="Datasheet">~</field>
      </fields>
      <pins>
        <pin num="1" name="B" type="input"/>
        <pin num="2" name="E" type="passive"/>
        <pin num="3" name="C" type="passive"/>
      </pins>
    </libpart>
    <libpart lib="Device" part="R">
      <description>Resistor</description>
      <docs>~</docs>
      <footprints>
        <fp>R_*</fp>
      </footprints>
      <fields>
        <field name="Reference">R</field>
        <field name="Value">R</field>
        <field name="Datasheet">~</field>
      </fields>
      <pins>
        <pin num="1" name="" type="passive"/>
        <pin num="2" name="" type="passive"/>
      </pins>
    </libpart>
  </libparts>
  <libraries>
    <library logical="BLDC_ESC-rescue">
      <uri>C:\Users\awjpp\OneDrive\Documents\My Projects\My Projects\BLDC ESC\Electrical\KiCad\BLDC_ESC_0002/BLDC_ESC-rescue.kicad_sym</uri>
    </library>
    <library logical="Connector">
      <uri>C:\Program Files\KiCad\7.0\share\kicad\symbols\/Connector.kicad_sym</uri>
    </library>
    <library logical="Device">
      <uri>C:\Program Files\KiCad\7.0\share\kicad\symbols\/Device.kicad_sym</uri>
    </library>
  </libraries>
  <nets>
    <net code="1" name="+5V">
      <node ref="C1" pin="1" pintype="passive"/>
      <node ref="C10" pin="1" pintype="passive"/>
      <node ref="C14" pin="1" pintype="passive"/>
      <node ref="C6" pin="1" pintype="passive"/>
      <node ref="C8" pin="1" pintype="passive"/>
      <node ref="D7" pin="2" pinfunction="A" pintype="passive"/>
      <node ref="J3" pin="1" pinfunction="1" pintype="passive"/>
      <node ref="L1" pin="1" pinfunction="1" pintype="passive"/>
      <node ref="L2" pin="2" pinfunction="2" pintype="passive"/>
      <node ref="R1" pin="1" pintype="passive"/>
      <node ref="R3" pin="1" pintype="passive"/>
      <node ref="U1" pin="18" pinfunction="AVDD" pintype="power_in"/>
      <node ref="U1" pin="28" pinfunction="VDD" pintype="power_in"/>
      <node ref="U3" pin="2" pinfunction="VIN" pintype="power_in"/>
      <node ref="U4" pin="6" pinfunction="VIN" pintype="power_in"/>
    </net>
    <net code="2" name="/CPU Sheet/A_BEMF">
      <node ref="C16" pin="1" pintype="passive"/>
      <node ref="R16" pin="2" pintype="passive"/>
      <node ref="R23" pin="1" pintype="passive"/>
      <node ref="R27" pin="1" pintype="passive"/>
      <node ref="U1" pin="12" pinfunction="PD2" pintype="bidirectional"/>
    </net>
    <net code="3" name="/CPU Sheet/A_HIGH_PWM">
      <node ref="R14" pin="1" pintype="passive"/>
      <node ref="U1" pin="30" pinfunction="PA0" pintype="bidirectional"/>
    </net>
    <net code="4" name="/CPU Sheet/A_LOW_PWM">
      <node ref="R12" pin="1" pintype="passive"/>
      <node ref="U1" pin="1" pinfunction="PA3" pintype="bidirectional"/>
    </net>
    <net code="5" name="/CPU Sheet/BLDC_NEUTRAL">
      <node ref="R23" pin="2" pintype="passive"/>
      <node ref="R24" pin="2" pintype="passive"/>
      <node ref="R25" pin="2" pintype="passive"/>
      <node ref="U1" pin="17" pinfunction="PD7" pintype="bidirectional"/>
    </net>
    <net code="6" name="/CPU Sheet/B_BEMF">
      <node ref="C17" pin="1" pintype="passive"/>
      <node ref="R17" pin="2" pintype="passive"/>
      <node ref="R24" pin="1" pintype="passive"/>
      <node ref="R28" pin="1" pintype="passive"/>
      <node ref="U1" pin="11" pinfunction="PD1" pintype="bidirectional"/>
    </net>
    <net code="7" name="/CPU Sheet/B_HIGH_PWM">
      <node ref="R21" pin="1" pintype="passive"/>
      <node ref="U1" pin="31" pinfunction="PA1" pintype="bidirectional"/>
    </net>
    <net code="8" name="/CPU Sheet/B_LOW_PWM">
      <node ref="R20" pin="1" pintype="passive"/>
      <node ref="U1" pin="2" pinfunction="PA4" pintype="bidirectional"/>
    </net>
    <net code="9" name="/CPU Sheet/CLK_OUT">
      <node ref="TP5" pin="1" pinfunction="1" pintype="passive"/>
      <node ref="U1" pin="5" pinfunction="PA7" pintype="bidirectional"/>
    </net>
    <net code="10" name="/CPU Sheet/CURR_SENSE_IN">
      <node ref="C15" pin="1" pintype="passive"/>
      <node ref="R10" pin="1" pintype="passive"/>
      <node ref="U1" pin="16" pinfunction="PD6" pintype="bidirectional"/>
    </net>
    <net code="11" name="/CPU Sheet/C_BEMF">
      <node ref="C18" pin="1" pintype="passive"/>
      <node ref="R18" pin="2" pintype="passive"/>
      <node ref="R25" pin="1" pintype="passive"/>
      <node ref="R29" pin="1" pintype="passive"/>
      <node ref="U1" pin="10" pinfunction="PD0" pintype="bidirectional"/>
    </net>
    <net code="12" name="/CPU Sheet/C_HIGH_PWM">
      <node ref="R32" pin="1" pintype="passive"/>
      <node ref="U1" pin="32" pinfunction="PA2" pintype="bidirectional"/>
    </net>
    <net code="13" name="/CPU Sheet/C_LOW_PWM">
      <node ref="R31" pin="2" pintype="passive"/>
      <node ref="U1" pin="3" pinfunction="PA5" pintype="bidirectional"/>
    </net>
    <net code="14" name="/CPU Sheet/LED_+">
      <node ref="D1" pin="2" pinfunction="A" pintype="passive"/>
      <node ref="R1" pin="2" pintype="passive"/>
    </net>
    <net code="15" name="/CPU Sheet/LED_B">
      <node ref="D1" pin="1" pinfunction="RK" pintype="passive"/>
      <node ref="U1" pin="24" pinfunction="PF4" pintype="bidirectional"/>
    </net>
    <net code="16" name="/CPU Sheet/LED_G">
      <node ref="D1" pin="3" pinfunction="BK" pintype="passive"/>
      <node ref="U1" pin="23" pinfunction="PF3" pintype="bidirectional"/>
    </net>
    <net code="17" name="/CPU Sheet/LED_R">
      <node ref="D1" pin="4" pinfunction="GK" pintype="passive"/>
      <node ref="U1" pin="22" pinfunction="PF2" pintype="bidirectional"/>
    </net>
    <net code="18" name="/CPU Sheet/PWM_IN">
      <node ref="J1" pin="1" pinfunction="1" pintype="passive"/>
      <node ref="U1" pin="6" pinfunction="PC0" pintype="bidirectional"/>
    </net>
    <net code="19" name="/CPU Sheet/UART_RX">
      <node ref="TP2" pin="1" pinfunction="1" pintype="passive"/>
      <node ref="U1" pin="21" pinfunction="PF1" pintype="bidirectional"/>
    </net>
    <net code="20" name="/CPU Sheet/UART_TX">
      <node ref="TP1" pin="1" pinfunction="1" pintype="passive"/>
      <node ref="U1" pin="20" pinfunction="PF0" pintype="bidirectional"/>
    </net>
    <net code="21" name="/CPU Sheet/UPDI">
      <node ref="TP3" pin="1" pinfunction="1" pintype="passive"/>
      <node ref="U1" pin="27" pinfunction="UPDI" pintype="bidirectional"/>
    </net>
    <net code="22" name="/CPU Sheet/V_GATE_DRIVE_EN">
      <node ref="R2" pin="1" pintype="passive"/>
      <node ref="U1" pin="15" pinfunction="PD5" pintype="bidirectional"/>
      <node ref="U3" pin="3" pinfunction="EN" pintype="input"/>
    </net>
    <net code="23" name="/Motor Drivers/A">
      <node ref="J6" pin="1" pinfunction="1" pintype="passive"/>
      <node ref="Q3" pin="3" pinfunction="S" pintype="passive"/>
      <node ref="Q7" pin="2" pinfunction="D" pintype="passive"/>
      <node ref="R16" pin="1" pintype="passive"/>
    </net>
    <net code="24" name="/Motor Drivers/A_HIGH_GATE_DRV">
      <node ref="D4" pin="2" pinfunction="A" pintype="passive"/>
      <node ref="Q1" pin="2" pinfunction="E" pintype="passive"/>
      <node ref="Q3" pin="1" pinfunction="G" pintype="input"/>
      <node ref="R11" pin="1" pintype="passive"/>
    </net>
    <net code="25" name="/Motor Drivers/A_LOW_GATE_DRV">
      <node ref="Q7" pin="1" pinfunction="G" pintype="input"/>
      <node ref="R12" pin="2" pintype="passive"/>
      <node ref="R13" pin="1" pintype="passive"/>
    </net>
    <net code="26" name="/Motor Drivers/B">
      <node ref="J7" pin="1" pinfunction="1" pintype="passive"/>
      <node ref="Q4" pin="3" pinfunction="S" pintype="passive"/>
      <node ref="Q8" pin="2" pinfunction="D" pintype="passive"/>
      <node ref="R17" pin="1" pintype="passive"/>
    </net>
    <net code="27" name="/Motor Drivers/B_HIGH_GATE_DRV">
      <node ref="D5" pin="2" pinfunction="A" pintype="passive"/>
      <node ref="Q4" pin="1" pinfunction="G" pintype="input"/>
      <node ref="Q6" pin="2" pinfunction="E" pintype="passive"/>
      <node ref="R19" pin="1" pintype="passive"/>
    </net>
    <net code="28" name="/Motor Drivers/B_LOW_GATE_DRV">
      <node ref="Q8" pin="1" pinfunction="G" pintype="input"/>
      <node ref="R20" pin="2" pintype="passive"/>
      <node ref="R22" pin="1" pintype="passive"/>
    </net>
    <net code="29" name="/Motor Drivers/C">
      <node ref="J8" pin="1" pinfunction="1" pintype="passive"/>
      <node ref="Q5" pin="3" pinfunction="S" pintype="passive"/>
      <node ref="Q9" pin="2" pinfunction="D" pintype="passive"/>
      <node ref="R18" pin="1" pintype="passive"/>
    </net>
    <net code="30" name="/Motor Drivers/CURR_SENSE">
      <node ref="R10" pin="2" pintype="passive"/>
      <node ref="U4" pin="1" pinfunction="OUT" pintype="output"/>
    </net>
    <net code="31" name="/Motor Drivers/C_HIGH_GATE_DRV">
      <node ref="D6" pin="2" pinfunction="A" pintype="passive"/>
      <node ref="Q11" pin="2" pinfunction="E" pintype="passive"/>
      <node ref="Q5" pin="1" pinfunction="G" pintype="input"/>
      <node ref="R30" pin="1" pintype="passive"/>
    </net>
    <net code="32" name="/Motor Drivers/C_LOW_GATE_DRV">
      <node ref="Q9" pin="1" pinfunction="G" pintype="input"/>
      <node ref="R31" pin="1" pintype="passive"/>
      <node ref="R33" pin="1" pintype="passive"/>
    </net>
    <net code="33" name="/Motor Drivers/VCC_SENSED">
      <node ref="Q3" pin="2" pinfunction="D" pintype="passive"/>
      <node ref="Q4" pin="2" pinfunction="D" pintype="passive"/>
      <node ref="Q5" pin="2" pinfunction="D" pintype="passive"/>
      <node ref="R9" pin="2" pintype="passive"/>
      <node ref="U4" pin="4" pinfunction="IN-" pintype="input"/>
    </net>
    <net code="34" name="/Motor Drivers/V_GATE_DRIVE">
      <node ref="C5" pin="1" pintype="passive"/>
      <node ref="D3" pin="1" pinfunction="K" pintype="passive"/>
      <node ref="D8" pin="2" pinfunction="A" pintype="passive"/>
      <node ref="Q1" pin="3" pinfunction="C" pintype="passive"/>
      <node ref="Q11" pin="3" pinfunction="C" pintype="passive"/>
      <node ref="Q6" pin="3" pinfunction="C" pintype="passive"/>
      <node ref="R15" pin="1" pintype="passive"/>
      <node ref="R26" pin="1" pintype="passive"/>
      <node ref="R4" pin="1" pintype="passive"/>
      <node ref="R8" pin="1" pintype="passive"/>
    </net>
    <net code="35" name="/Power/BOOST_COMP">
      <node ref="C12" pin="1" pintype="passive"/>
      <node ref="R6" pin="1" pintype="passive"/>
      <node ref="U3" pin="4" pinfunction="COMP" pintype="passive"/>
    </net>
    <net code="36" name="/Power/BOOST_FB">
      <node ref="R4" pin="2" pintype="passive"/>
      <node ref="R7" pin="1" pintype="passive"/>
      <node ref="U3" pin="7" pinfunction="FB" pintype="input"/>
    </net>
    <net code="37" name="/Power/BOOST_SS">
      <node ref="C11" pin="1" pintype="passive"/>
      <node ref="U3" pin="6" pinfunction="SS" pintype="passive"/>
    </net>
    <net code="38" name="/Power/BOOST_SW">
      <node ref="D3" pin="2" pinfunction="A" pintype="passive"/>
      <node ref="L1" pin="2" pinfunction="2" pintype="passive"/>
      <node ref="U3" pin="5" pinfunction="SW" pintype="open_emitter"/>
    </net>
    <net code="39" name="/Power/BUCK_BST">
      <node ref="C7" pin="2" pintype="passive"/>
      <node ref="U2" pin="6" pinfunction="BST" pintype="passive"/>
    </net>
    <net code="40" name="/Power/BUCK_FB">
      <node ref="R3" pin="2" pintype="passive"/>
      <node ref="R5" pin="1" pintype="passive"/>
      <node ref="U2" pin="8" pinfunction="FB" pintype="input"/>
    </net>
    <net code="41" name="/Power/BUCK_SW">
      <node ref="C7" pin="1" pintype="passive"/>
      <node ref="L2" pin="1" pinfunction="1" pintype="passive"/>
      <node ref="U2" pin="5" pinfunction="SW" pintype="power_out"/>
    </net>
    <net code="42" name="GND">
      <node ref="C1" pin="2" pintype="passive"/>
      <node ref="C10" pin="2" pintype="passive"/>
      <node ref="C11" pin="2" pintype="passive"/>
      <node ref="C12" pin="2" pintype="passive"/>
      <node ref="C13" pin="2" pintype="passive"/>
      <node ref="C14" pin="2" pintype="passive"/>
      <node ref="C15" pin="2" pintype="passive"/>
      <node ref="C16" pin="2" pintype="passive"/>
      <node ref="C17" pin="2" pintype="passive"/>
      <node ref="C18" pin="2" pintype="passive"/>
      <node ref="C2" pin="2" pintype="passive"/>
      <node ref="C3" pin="2" pintype="passive"/>
      <node ref="C4" pin="2" pintype="passive"/>
      <node ref="C5" pin="2" pintype="passive"/>
      <node ref="C6" pin="2" pintype="passive"/>
      <node ref="C8" pin="2" pintype="passive"/>
      <node ref="J4" pin="1" pinfunction="1" pintype="passive"/>
      <node ref="J5" pin="1" pinfunction="1" pintype="passive"/>
      <node ref="Q10" pin="2" pinfunction="E" pintype="passive"/>
      <node ref="Q12" pin="2" pinfunction="E" pintype="passive"/>
      <node ref="Q2" pin="2" pinfunction="E" pintype="passive"/>
      <node ref="Q7" pin="3" pinfunction="S" pintype="passive"/>
      <node ref="Q8" pin="3" pinfunction="S" pintype="passive"/>
      <node ref="Q9" pin="3" pinfunction="S" pintype="passive"/>
      <node ref="R11" pin="2" pintype="passive"/>
      <node ref="R13" pin="2" pintype="passive"/>
      <node ref="R19" pin="2" pintype="passive"/>
      <node ref="R2" pin="2" pintype="passive"/>
      <node ref="R22" pin="2" pintype="passive"/>
      <node ref="R27" pin="2" pintype="passive"/>
      <node ref="R28" pin="2" pintype="passive"/>
      <node ref="R29" pin="2" pintype="passive"/>
      <node ref="R30" pin="2" pintype="passive"/>
      <node ref="R33" pin="2" pintype="passive"/>
      <node ref="R34" pin="2" pintype="passive"/>
      <node ref="R35" pin="2" pintype="passive"/>
      <node ref="R5" pin="2" pintype="passive"/>
      <node ref="R7" pin="2" pintype="passive"/>
      <node ref="U1" pin="19" pinfunction="GND" pintype="power_in"/>
      <node ref="U1" pin="29" pinfunction="GND" pintype="power_in"/>
      <node ref="U1" pin="33" pinfunction="GND" pintype="power_in"/>
      <node ref="U2" pin="1" pinfunction="RT" pintype="input"/>
      <node ref="U2" pin="4" pinfunction="GND" pintype="power_in"/>
      <node ref="U3" pin="1" pinfunction="PGND" pintype="power_in"/>
      <node ref="U3" pin="8" pinfunction="AGND" pintype="power_in"/>
      <node ref="U4" pin="2" pinfunction="GND" pintype="power_in"/>
      <node ref="U4" pin="5" pinfunction="REF" pintype="input"/>
    </net>
    <net code="43" name="Net-(C13-Pad1)">
      <node ref="C13" pin="1" pintype="passive"/>
      <node ref="R6" pin="2" pintype="passive"/>
    </net>
    <net code="44" name="Net-(D4-K)">
      <node ref="D4" pin="1" pinfunction="K" pintype="passive"/>
      <node ref="Q1" pin="1" pinfunction="B" pintype="input"/>
      <node ref="Q2" pin="3" pinfunction="C" pintype="passive"/>
      <node ref="R8" pin="2" pintype="passive"/>
    </net>
    <net code="45" name="Net-(D5-K)">
      <node ref="D5" pin="1" pinfunction="K" pintype="passive"/>
      <node ref="Q10" pin="3" pinfunction="C" pintype="passive"/>
      <node ref="Q6" pin="1" pinfunction="B" pintype="input"/>
      <node ref="R15" pin="2" pintype="passive"/>
    </net>
    <net code="46" name="Net-(D6-K)">
      <node ref="D6" pin="1" pinfunction="K" pintype="passive"/>
      <node ref="Q11" pin="1" pinfunction="B" pintype="input"/>
      <node ref="Q12" pin="3" pinfunction="C" pintype="passive"/>
      <node ref="R26" pin="2" pintype="passive"/>
    </net>
    <net code="47" name="Net-(D7-K)">
      <node ref="D7" pin="1" pinfunction="K" pintype="passive"/>
      <node ref="R34" pin="1" pintype="passive"/>
    </net>
    <net code="48" name="Net-(D8-K)">
      <node ref="D8" pin="1" pinfunction="K" pintype="passive"/>
      <node ref="R35" pin="1" pintype="passive"/>
    </net>
    <net code="49" name="Net-(Q2-B)">
      <node ref="Q2" pin="1" pinfunction="B" pintype="input"/>
      <node ref="R14" pin="2" pintype="passive"/>
    </net>
    <net code="50" name="Net-(Q10-B)">
      <node ref="Q10" pin="1" pinfunction="B" pintype="input"/>
      <node ref="R21" pin="2" pintype="passive"/>
    </net>
    <net code="51" name="Net-(Q12-B)">
      <node ref="Q12" pin="1" pinfunction="B" pintype="input"/>
      <node ref="R32" pin="2" pintype="passive"/>
    </net>
    <net code="52" name="VCC">
      <node ref="C2" pin="1" pintype="passive"/>
      <node ref="C3" pin="1" pintype="passive"/>
      <node ref="C4" pin="1" pintype="passive"/>
      <node ref="J2" pin="1" pinfunction="1" pintype="passive"/>
      <node ref="R9" pin="1" pintype="passive"/>
      <node ref="U2" pin="3" pinfunction="VIN" pintype="power_in"/>
      <node ref="U4" pin="3" pinfunction="IN+" pintype="input"/>
    </net>
    <net code="53" name="unconnected-(U1-PA6-Pad4)">
      <node ref="U1" pin="4" pinfunction="PA6" pintype="bidirectional+no_connect"/>
    </net>
    <net code="54" name="unconnected-(U1-PC1-Pad7)">
      <node ref="U1" pin="7" pinfunction="PC1" pintype="bidirectional+no_connect"/>
    </net>
    <net code="55" name="unconnected-(U1-PC2-Pad8)">
      <node ref="U1" pin="8" pinfunction="PC2" pintype="bidirectional+no_connect"/>
    </net>
    <net code="56" name="unconnected-(U1-PC3-Pad9)">
      <node ref="U1" pin="9" pinfunction="PC3" pintype="bidirectional+no_connect"/>
    </net>
    <net code="57" name="unconnected-(U1-PD3-Pad13)">
      <node ref="U1" pin="13" pinfunction="PD3" pintype="bidirectional+no_connect"/>
    </net>
    <net code="58" name="unconnected-(U1-PD4-Pad14)">
      <node ref="U1" pin="14" pinfunction="PD4" pintype="bidirectional+no_connect"/>
    </net>
    <net code="59" name="unconnected-(U1-PF5-Pad25)">
      <node ref="U1" pin="25" pinfunction="PF5" pintype="bidirectional+no_connect"/>
    </net>
    <net code="60" name="unconnected-(U1-PF6*-Pad26)">
      <node ref="U1" pin="26" pinfunction="PF6*" pintype="input+no_connect"/>
    </net>
    <net code="61" name="unconnected-(U2-EN-Pad2)">
      <node ref="U2" pin="2" pinfunction="EN" pintype="input+no_connect"/>
    </net>
    <net code="62" name="unconnected-(U2-PG-Pad7)">
      <node ref="U2" pin="7" pinfunction="PG" pintype="input+no_connect"/>
    </net>
  </nets>
</export>
