"Reference","Value","Footprint","Datasheet","Digi-Key Part Number","Part Number","Qty"
"C1","1u","Capacitor_SMD:C_0805_2012Metric","~","","","1"
"C2, C3","470u","My_Footprints:BoardEdgeCap_D8.0mm","~","399-6611-ND","ESK477M6R3AE3AA","2"
"C4","10u","Capacitor_SMD:C_0805_2012Metric","~","","","1"
"C5, C8, C10","22u","Capacitor_SMD:C_0805_2012Metric","~","","","3"
"C6, C7, C14",".1u","Capacitor_SMD:C_0805_2012Metric","~","","","3"
"C11","10n","Capacitor_SMD:C_0805_2012Metric","~","","","1"
"C12","47p","Capacitor_SMD:C_0805_2012Metric","~","399-C0805C470J5GAC7210CT-ND","C0805C470J5GAC7210","1"
"C13","2.2n","Capacitor_SMD:C_0805_2012Metric","~","399-C0805C222KMREC7800CT-ND","C0805C222KMREC7800","1"
"C15-C18","C","Capacitor_SMD:C_0805_2012Metric","~","","","4"
"D1","LED_RABG","LED_SMD:LED_RGB_Wuerth-PLCC4_3.2x2.8mm_150141M173100","~","1830-1116-1-ND","IN-P32TATRGB","1"
"D3","SS34","Diode_SMD:D_SMA","~","641-2115-1-ND","SS34-HF","1"
"D4-D6","NSR0530HT1G","Diode_SMD:D_SOD-323","~","NSR0530HT1GOSCT-ND","NSR0530HT1G","3"
"D7, D8","LED","Diode_SMD:D_0805_2012Metric","~","","","2"
"J1","PWM_IN_CONN","TestPoint:TestPoint_Pad_D1.0mm","~","","","1"
"J2","VCC_BATT_CONN","TestPoint:TestPoint_Pad_D4.0mm","~","","","1"
"J3","+5V_CONN","TestPoint:TestPoint_Pad_D1.0mm","~","","","1"
"J4","GND_BATT_CONN","TestPoint:TestPoint_Pad_D4.0mm","~","","","1"
"J5","GND_CONN","TestPoint:TestPoint_Pad_D1.0mm","~","","","1"
"J6","A_CONN","TestPoint:TestPoint_Pad_D3.0mm","~","","","1"
"J7","B_CONN","TestPoint:TestPoint_Pad_D3.0mm","~","","","1"
"J8","C_CONN","TestPoint:TestPoint_Pad_D3.0mm","~","","","1"
"L1","6.8u","My_Footprints:Amazon_Inductors","~","","","1"
"L2","3.3u","My_Footprints:Amazon_Inductors","~","","","1"
"Q1, Q2, Q6, Q10-Q12","MMBT2222L","Package_TO_SOT_SMD:SOT-23","~","MMBT2222LT1GOSCT-ND","MMBT2222LT1G","6"
"Q3-Q5, Q7-Q9","DMN6017SK3","My_Footprints:TO-252-2_Thermal","~","31-DMN6017SK3-13CT-ND","DMN6017SK3-13","6"
"R1, R34","820","Resistor_SMD:R_0805_2012Metric","~","","","2"
"R2","20k","Resistor_SMD:R_0805_2012Metric","~","","","1"
"R3","52.3k","Resistor_SMD:R_0805_2012Metric","~","","","1"
"R4","69.8k","Resistor_SMD:R_0805_2012Metric","~","311-69.8KCRCT-ND","RC0805FR-0769K8L","1"
"R5, R12, R13, R20, R22-R25, R27-R29, R31, R33","10k","Resistor_SMD:R_0805_2012Metric","~","","","13"
"R6","51k","Resistor_SMD:R_0805_2012Metric","~","","","1"
"R7","5.1k","Resistor_SMD:R_0805_2012Metric","~","YAG3744CT-ND","AC0805FR-075K1L","1"
"R8, R15, R26","1k","Resistor_SMD:R_0805_2012Metric","~","","","3"
"R9",".5m","Resistor_SMD:R_1206_3216Metric","~","HCS1206FTL500CT-ND","HCS1206FTL500","1"
"R10","R","Resistor_SMD:R_0805_2012Metric","~","","","1"
"R11, R19, R30","47k","Resistor_SMD:R_0805_2012Metric","~","YAG3735CT-ND","AC0805FR-0747KL","3"
"R14, R21, R32","100","Resistor_SMD:R_0805_2012Metric","~","","","3"
"R16-R18","30k","Resistor_SMD:R_0805_2012Metric","~","YAG3721CT-ND","AC0805FR-0730KL","3"
"R35","3.3k","Resistor_SMD:R_0805_2012Metric","~","","","1"
"TP1","UART_TX_TP","TestPoint:TestPoint_Pad_D1.0mm","~","","","1"
"TP2","UART_RX_TP","TestPoint:TestPoint_Pad_D1.0mm","~","","","1"
"TP3","UPDI_TP","TestPoint:TestPoint_Pad_D1.0mm","~","","","1"
"TP5","CLK_OUT","TestPoint:TestPoint_Pad_D1.0mm","~","","","1"
"U1","AVR32DA32","Package_DFN_QFN:QFN-32-1EP_5x5mm_P0.5mm_EP3.1x3.1mm","","150-AVR32DA32T-I/RXBCT-ND","AVR32DA32T-I/RXB","1"
"U2","TPS62933ODRLR","My_Footprints:SOT-583","","296-TPS62933ODRLRCT-ND","TPS62933ODRLR","1"
"U3","PAM2421","Package_SO:SOIC-8_3.9x4.9mm_P1.27mm","C:\Users\AJ992\Documents\My Projects\BLDC ESC\Datasheets","PAM2421AECADJRDICT-ND","PAM2421AECADJR","1"
"U4","INA181A4","Package_TO_SOT_SMD:TSOT-23-6","C:\Users\AJ992\Documents\My Projects\BLDC ESC\Datasheets\ina181, Current Sense","296-47659-1-ND","INA181A4IDBVR","1"
